,Filename,x,y,xstart,ystart,url,Label ID
0,20220423_142100.jpg,361.0,65.0,2470.0,672.0,https://storage.labelbox.com/cl2ceiao35hbj0zahefxyfyll%2Fa92fa255-d1a8-f14f-74bf-720424b2eec3-20220423_142100.jpg?Expires=1679544155815&KeyName=labelbox-assets-key-3&Signature=zReNGWdD7vMiCoQMTRmq39PNp6c,cl2cez4r95jdf0zam6uu20850
1,20220423_142023.jpg,261.0,257.0,2470.0,585.0,https://storage.labelbox.com/cl2ceiao35hbj0zahefxyfyll%2F693dcac4-051b-2abf-6010-9d6658109d60-20220423_142023.jpg?Expires=1679544155819&KeyName=labelbox-assets-key-3&Signature=X7UC8XyW2SwzUVtvJsbBh1P-Sts,cl2cez4xr5ki20zagcvnuf7sk
2,20220423_142031.jpg,287.0,190.0,2470.0,614.0,https://storage.labelbox.com/cl2ceiao35hbj0zahefxyfyll%2F8ee2e0aa-418b-83b4-7751-872f756ef0d8-20220423_142031.jpg?Expires=1679544155819&KeyName=labelbox-assets-key-3&Signature=AiQPmgLwfYvgQLhDz1Og72AzFas,cl2cf020i5j8u0zdfhye4ehjg
3,20220423_142049.jpg,252.0,120.0,2464.0,655.0,https://storage.labelbox.com/cl2ceiao35hbj0zahefxyfyll%2Fdea7e873-6eae-0208-0540-a8f8f9c187cc-20220423_142049.jpg?Expires=1679544155820&KeyName=labelbox-assets-key-3&Signature=CLI61DBxXUrt0fBFsleo7qnRNWI,cl2cf0jjk5jak0zdf8j436nbt
4,20220423_142054.jpg,250.0,90.0,2463.0,670.0,https://storage.labelbox.com/cl2ceiao35hbj0zahefxyfyll%2F943cab09-0c2c-1220-e6f0-d5134abc698f-20220423_142054.jpg?Expires=1679544155820&KeyName=labelbox-assets-key-3&Signature=vA-9JEbhT3Mn5g9FwtZGcfXSjIQ,cl2cf0z834fgl0zbx37jcdzhz
5,20220423_142108.jpg,140.0,44.0,2468.0,681.0,https://storage.labelbox.com/cl2ceiao35hbj0zahefxyfyll%2F92ace430-e51d-d85c-70fc-3d616430c490-20220423_142108.jpg?Expires=1679544155820&KeyName=labelbox-assets-key-3&Signature=Gmed6wFJ91HgWqRDdyLCMq7pNEw,cl2cf20t25htx0zcaayek9mqx
6,20220423_143310.jpg,243.0,277.0,2435.0,685.0,https://storage.labelbox.com/cl2ceiao35hbj0zahefxyfyll%2F7514df0f-b16f-d5d0-6915-77662032c57f-20220423_143310.jpg?Expires=1679544155820&KeyName=labelbox-assets-key-3&Signature=Tf5YYlqf3hx_Lqmp6r4bDSr0BDA,cl2cf31h15je20zahducjah7x
7,20220423_143324.jpg,221.0,210.0,2433.0,729.0,https://storage.labelbox.com/cl2ceiao35hbj0zahefxyfyll%2Fbdf002ed-162b-b204-ca31-16d8b19f1bb8-20220423_143324.jpg?Expires=1679544155820&KeyName=labelbox-assets-key-3&Signature=R2kA9Y-JkC-EK-EsEpoQz9AzX0Q,cl2cf3n8l5rr00zcchksf9e5l
8,20220423_143336.jpg,192.0,146.0,2433.0,762.0,https://storage.labelbox.com/cl2ceiao35hbj0zahefxyfyll%2Fccfdcb1f-5ee4-34cb-bce3-dd7235989bbc-20220423_143336.jpg?Expires=1679544155821&KeyName=labelbox-assets-key-3&Signature=oYmQJ5wFvdPnNinnqiSlKS1fjhE,cl2cf4d565jiu0zah44lj2vxp
9,20220423_143346.jpg,236.0,116.0,2439.0,774.0,https://storage.labelbox.com/cl2ceiao35hbj0zahefxyfyll%2F8843bee5-e78e-59bd-09a0-83cb23856efc-20220423_143346.jpg?Expires=1679544155821&KeyName=labelbox-assets-key-3&Signature=ESYAvoetrj_ja7suy0z5O3EzEvw,cl2cf7hif5k5j0zamazwpd21k
10,20220423_143355.jpg,145.0,84.0,2437.0,792.0,https://storage.labelbox.com/cl2ceiao35hbj0zahefxyfyll%2F8270c425-c0f3-7b72-baa6-a2fd71fc5753-20220423_143355.jpg?Expires=1679544155821&KeyName=labelbox-assets-key-3&Signature=lTscw_LsQFXjYI3NH-4B1b521OQ,cl2cf8a6x5jvm0zah3swugpw8
11,20220423_143401.jpg,121.0,67.0,2439.0,796.0,https://storage.labelbox.com/cl2ceiao35hbj0zahefxyfyll%2F4b622045-5700-ce69-9810-0b2571595e2a-20220423_143401.jpg?Expires=1679544155821&KeyName=labelbox-assets-key-3&Signature=x-eUPvFvvCTaNyg8YbBxzAqcbFk,cl2cf8pne5k4x0zdf12rw9tef
12,20220423_143756.jpg,222.0,227.0,2432.0,866.0,https://storage.labelbox.com/cl2ceiao35hbj0zahefxyfyll%2F6d1fb1b4-5386-82e4-966f-d844f324b3a9-20220423_143756.jpg?Expires=1679544155822&KeyName=labelbox-assets-key-3&Signature=EarM2XoLihwpgSkuoo0fcQYDD1E,cl2cf9clx5imo0zcab25j5o7b
13,20220423_143810.jpg,169.0,197.0,2460.0,849.0,https://storage.labelbox.com/cl2ceiao35hbj0zahefxyfyll%2Fa3127d07-4bb7-9be8-5cd7-d8c6e6ef23ab-20220423_143810.jpg?Expires=1679544155822&KeyName=labelbox-assets-key-3&Signature=MWiBVnuNZqmoqczY-fcpA9xzf5M,cl2cfa6ut5oux10cd6lj0bpya
14,20220423_143824.jpg,166.0,82.0,2400.0,900.0,https://storage.labelbox.com/cl2ceiao35hbj0zahefxyfyll%2Fd5918f5a-1363-7347-cd34-924205589432-20220423_143824.jpg?Expires=1679544155822&KeyName=labelbox-assets-key-3&Signature=U-hwAWD2rrv-eseoJCa6uAPcifg,cl2ckxsye60720zamftz14dgz
15,20220423_143829.jpg,155.0,60.0,2389.0,912.0,https://storage.labelbox.com/cl2ceiao35hbj0zahefxyfyll%2F388a3201-70c0-2ad9-9d16-f1ae9c146436-20220423_143829.jpg?Expires=1679544155822&KeyName=labelbox-assets-key-3&Signature=ShM72BBppj2iSGRVOFzqrpWWLkI,cl2ckxt4v5zv40zdf3esaag11
16,20220423_143815.jpg,160.0,134.0,2432.0,878.0,https://storage.labelbox.com/cl2ceiao35hbj0zahefxyfyll%2F63112db6-64f3-d7c4-21a6-83e8ee92da07-20220423_143815.jpg?Expires=1679544155823&KeyName=labelbox-assets-key-3&Signature=7wblx9qJe9xMg0mimqQ_m8MdE3Q,cl2ckyvt85zjo0zahgmls6rhu
17,20220423_143834.jpg,136.0,56.0,2386.0,918.0,https://storage.labelbox.com/cl2ceiao35hbj0zahefxyfyll%2F2fcaf846-c9d8-38e6-7159-93152bb7565d-20220423_143834.jpg?Expires=1679544155823&KeyName=labelbox-assets-key-3&Signature=OQMUhx2Xm6BkjNYKbKQm6CMcxdY,cl2ckzghy62040zag2ouj4k7m
18,20220423_145106.jpg,196.0,307.0,2124.0,752.0,https://storage.labelbox.com/cl2ceiao35hbj0zahefxyfyll%2F391640d3-8c0f-4480-32ff-849ded96f892-20220423_145106.jpg?Expires=1679544155823&KeyName=labelbox-assets-key-3&Signature=YQpkE5cxNRhz07E3XWJlvis0fIE,cl2cl0lha5xzk0zca1xkp78z7
19,20220423_145116.jpg,263.0,292.0,2044.0,766.0,https://storage.labelbox.com/cl2ceiao35hbj0zahefxyfyll%2Fb1c58ce7-d168-8ec2-c90e-d11353cf558a-20220423_145116.jpg?Expires=1679544155823&KeyName=labelbox-assets-key-3&Signature=fXRYlhQSPC8wSbNeZrkmavJFlp8,cl2cl168e5y0n0zcadt5sehm6
20,20220423_145124.jpg,257.0,258.0,2076.0,770.0,https://storage.labelbox.com/cl2ceiao35hbj0zahefxyfyll%2F4336b0e1-bc99-a8ca-3bf1-46e9e5457de7-20220423_145124.jpg?Expires=1679544155823&KeyName=labelbox-assets-key-3&Signature=0WBtjIzLbvHTbSbb0-tCoTq7Tj4,cl2cl2d6w5y290zcafu4v8p5b
21,20220423_145129.jpg,252.0,231.0,2078.0,784.0,https://storage.labelbox.com/cl2ceiao35hbj0zahefxyfyll%2F6aa2dbfb-261e-d19f-72b7-073484d15ac8-20220423_145129.jpg?Expires=1679544155824&KeyName=labelbox-assets-key-3&Signature=L1uisam55TefaMQRhKZ3Bbwaryw,cl2cl37qi623z0zaggaj12vyh
22,20220423_145134.jpg,158.0,224.0,2076.0,785.0,https://storage.labelbox.com/cl2ceiao35hbj0zahefxyfyll%2F6957b74b-ea14-dfaf-fb6d-ce39108b58b2-20220423_145134.jpg?Expires=1679544155824&KeyName=labelbox-assets-key-3&Signature=Lkp-oOZ3YJh5qI5IBMXBA4Ds6rM,cl2cl3l795zph0zahfb0pa9v6
23,20220423_145142.jpg,154.0,226.0,2074.0,790.0,https://storage.labelbox.com/cl2ceiao35hbj0zahefxyfyll%2F0f53404f-622c-ce3a-e400-ac759f4a9aaa-20220423_145142.jpg?Expires=1679544155824&KeyName=labelbox-assets-key-3&Signature=tby_JhRH7TonbMWpXDc0PS5f6H8,cl2cl49jt60e10zam3yorfawq
24,20220423_145904.jpg,32.0,302.0,2221.0,957.0,https://storage.labelbox.com/cl2ceiao35hbj0zahefxyfyll%2Fc37bbf48-38d6-e827-c3e3-9ef684633479-20220423_145904.jpg?Expires=1679544155824&KeyName=labelbox-assets-key-3&Signature=XASxSVaxz019T-LZzdZ3MyXaHB0,cl2cl5buj64f010cdb5cy0288
25,20220423_145913.jpg,32.0,296.0,2215.0,968.0,https://storage.labelbox.com/cl2ceiao35hbj0zahefxyfyll%2Fd5e1fb35-c8d3-2b03-ed65-f1d51c2bedc3-20220423_145913.jpg?Expires=1679544155825&KeyName=labelbox-assets-key-3&Signature=Bh4bvvRloMhLTMQPOhZfQGpQLkQ,cl2cl5oh268040zcc9p666sp8
26,20220423_145917.jpg,41.0,281.0,2198.0,986.0,https://storage.labelbox.com/cl2ceiao35hbj0zahefxyfyll%2F72fbe587-c4d6-75cf-bc68-a55c6faeedac-20220423_145917.jpg?Expires=1679544155825&KeyName=labelbox-assets-key-3&Signature=Umc7r_Hy8FARl5ghH6U_V8o0ItQ,cl2cl6luq64fp10cd5sapfsf7
27,20220423_145920.jpg,38.0,255.0,2189.0,989.0,https://storage.labelbox.com/cl2ceiao35hbj0zahefxyfyll%2Fc8ca71f9-edac-3800-9f9c-39dc5371f2a3-20220423_145920.jpg?Expires=1679544155825&KeyName=labelbox-assets-key-3&Signature=a8VSKXNN_y1_1cveKNscta2rj2s,cl2cl6tpt628r0zageew1e4la
28,20220423_145924.jpg,20.0,188.0,2195.0,1021.0,https://storage.labelbox.com/cl2ceiao35hbj0zahefxyfyll%2F612cc526-32d4-4370-67e5-52c1c3b23f5e-20220423_145924.jpg?Expires=1679544155825&KeyName=labelbox-assets-key-3&Signature=TRXPePsYmXBUTxJ7tdhFW6bdOkQ,cl2cl70kl5zs70zah9v4o07tq
29,20220423_145929.jpg,18.0,188.0,2180.0,1018.0,https://storage.labelbox.com/cl2ceiao35hbj0zahefxyfyll%2F3b9910d1-9483-4472-fe6c-4208353ca81c-20220423_145929.jpg?Expires=1679544155825&KeyName=labelbox-assets-key-3&Signature=HtXTByAvrPUKc3fcol9-WMgjvZQ,cl2cl7als60ge0zamgv5mgxyu
30,20220423_150315.jpg,26.0,188.0,2204.0,983.0,https://storage.labelbox.com/cl2ceiao35hbj0zahefxyfyll%2F712dfefb-ca5c-25e0-6f34-7899210e120f-20220423_150315.jpg?Expires=1679544155826&KeyName=labelbox-assets-key-3&Signature=hGJd5fhlYaCxPJvjkt9GCDgbRIg,cl2cl7o6r681e0zccedl1dsz2
31,20220423_150320.jpg,29.0,164.0,2201.0,999.0,https://storage.labelbox.com/cl2ceiao35hbj0zahefxyfyll%2Fb8c776d2-a984-e987-ecc9-4e3c4c158920-20220423_150320.jpg?Expires=1679544155826&KeyName=labelbox-assets-key-3&Signature=BWcdaAttjdJD1snWV5tVzemz88I,cl2cl80d7629r0zag5ph840d0
32,20220423_150324.jpg,30.0,268.0,2190.0,953.0,https://storage.labelbox.com/cl2ceiao35hbj0zahefxyfyll%2F0fcac30d-6058-7cdb-5517-f59a97321207-20220423_150324.jpg?Expires=1679544155826&KeyName=labelbox-assets-key-3&Signature=2lksXpaDesfpG0nK4I6R0KFLFpU,cl2cl8af560ht0zamar7l9p3j
33,20220423_150330.jpg,26.0,258.0,2191.0,941.0,https://storage.labelbox.com/cl2ceiao35hbj0zahefxyfyll%2F16145540-e2de-14c3-4452-aac713a9b136-20220423_150330.jpg?Expires=1679544155826&KeyName=labelbox-assets-key-3&Signature=DicUYhYWAdTckxShIhzGG6Suo18,cl2cl8si9681z0zcc72wze85l
34,20220423_150334.jpg,10.0,271.0,2197.0,942.0,https://storage.labelbox.com/cl2ceiao35hbj0zahefxyfyll%2Fadbf5484-e7a9-e57c-224e-9751236be1fe-20220423_150334.jpg?Expires=1679544155827&KeyName=labelbox-assets-key-3&Signature=atJuZx-VxBRqsUX_OKzKvG2csLM,cl2cl9buz4wa90zbxfzgy1dcs
35,20220423_150341.jpg,4.0,275.0,2202.0,938.0,https://storage.labelbox.com/cl2ceiao35hbj0zahefxyfyll%2F32a932c1-f575-a023-26dd-d73d63ec4e2b-20220423_150341.jpg?Expires=1679544155827&KeyName=labelbox-assets-key-3&Signature=COw5ZzqAiLOOXrjLi14coNxzzbQ,cl2cl9rru5zua0zah4sc27sbg
36,20220423_150744.jpg,215.0,292.0,2300.0,898.0,https://storage.labelbox.com/cl2ceiao35hbj0zahefxyfyll%2F3850978f-25f8-d478-06f8-c115bb7426ca-20220423_150744.jpg?Expires=1679544155827&KeyName=labelbox-assets-key-3&Signature=SYkHV0qazTmIw5A7vo5W09XgkHY,cl2cla3ns682w0zcc2ioh86aq
37,20220423_150755.jpg,284.0,181.0,2213.0,950.0,https://storage.labelbox.com/cl2ceiao35hbj0zahefxyfyll%2F1e59dcf0-d085-0016-eb05-f665a47efe77-20220423_150755.jpg?Expires=1679544155828&KeyName=labelbox-assets-key-3&Signature=m7xelzT-T_6IKcVhJUqQ17Mh3Yw,cl2clafdw60800zdffumld2sl
38,20220423_150759.jpg,273.0,119.0,2196.0,979.0,https://storage.labelbox.com/cl2ceiao35hbj0zahefxyfyll%2F26e81768-a0be-12ad-c5f1-736c97dfa769-20220423_150759.jpg?Expires=1679544155828&KeyName=labelbox-assets-key-3&Signature=oT6fDclyZt-oSBiCPvetPhhS284,cl2clbyxf60kv0zamg2lx26yg
39,20220423_150803.jpg,259.0,81.0,2192.0,992.0,https://storage.labelbox.com/cl2ceiao35hbj0zahefxyfyll%2Ff361a7d9-851b-d804-cc4c-720af4e37300-20220423_150803.jpg?Expires=1679544155828&KeyName=labelbox-assets-key-3&Signature=RM5nm8zgZKQq-erzCwQU5i9MTA8,cl2clcxj764mj10cdc01wc2af
40,20220423_150808.jpg,239.0,56.0,2191.0,1005.0,https://storage.labelbox.com/cl2ceiao35hbj0zahefxyfyll%2F6ddf2ee6-a116-57c9-ec26-bd12a83243a3-20220423_150808.jpg?Expires=1679544155828&KeyName=labelbox-assets-key-3&Signature=wLCN-WL2leQjnfdSqvq-MaYPJbE,cl2cldtem5zwq0zah59tj3qat
41,20220423_150814.jpg,219.0,38.0,2188.0,1009.0,https://storage.labelbox.com/cl2ceiao35hbj0zahefxyfyll%2F7e97bb41-93f4-bd4b-51e7-201caa37937e-20220423_150814.jpg?Expires=1679544155828&KeyName=labelbox-assets-key-3&Signature=_d-rDmg4krJcr2XH9M7ax7R_AHU,cl2clejbk68750zcc9cs64cf2
42,20220423_151207.jpg,265.0,265.0,2264.0,894.0,https://storage.labelbox.com/cl2ceiao35hbj0zahefxyfyll%2F411abf79-8c89-46d1-3be3-4d95568d6d8b-20220423_151207.jpg?Expires=1679544155828&KeyName=labelbox-assets-key-3&Signature=oeHLqrxpN1xDP8c7U-rFzu11NYs,cl2clf9v560ch0zdf4a8z3tty
43,20220423_151214.jpg,254.0,164.0,2260.0,951.0,https://storage.labelbox.com/cl2ceiao35hbj0zahefxyfyll%2Fb72051cf-7493-9cfa-2097-39e873d8c0b6-20220423_151214.jpg?Expires=1679544155829&KeyName=labelbox-assets-key-3&Signature=bxLG-1O9FP7op6O4PhFiX2_iMDo,cl2clgndv5yfj0zcaaigk4dg2
44,20220423_151219.jpg,230.0,105.0,2258.0,979.0,https://storage.labelbox.com/cl2ceiao35hbj0zahefxyfyll%2Fc44e61a2-ef69-5a90-a289-b5303bddbaf9-20220423_151219.jpg?Expires=1679544155829&KeyName=labelbox-assets-key-3&Signature=rwSffKgMS9uIrwgTH1udztP0PnM,cl2clkmoa4wjz0zbxd6ge2i1e
45,20220423_151223.jpg,207.0,70.0,2259.0,995.0,https://storage.labelbox.com/cl2ceiao35hbj0zahefxyfyll%2F851a797d-1f41-306a-e162-8356d80436f3-20220423_151223.jpg?Expires=1679544155829&KeyName=labelbox-assets-key-3&Signature=tkvskveJHpz8ybE8PAmZOJ3pZcA,cl2clkmud60150zah249z78tq
46,20220423_151228.jpg,190.0,47.0,2256.0,1005.0,https://storage.labelbox.com/cl2ceiao35hbj0zahefxyfyll%2F6a9bdd25-9906-52f4-622e-8cbd1616f286-20220423_151228.jpg?Expires=1679544155829&KeyName=labelbox-assets-key-3&Signature=46ZPdkABUObAbP0_PY2xqXvkbQQ,cl2clky3a60t30zambxge5uum
47,20220423_151236.jpg,167.0,32.0,2260.0,1012.0,https://storage.labelbox.com/cl2ceiao35hbj0zahefxyfyll%2Fac393718-2af2-d751-c3a4-8eb0b8b22a34-20220423_151236.jpg?Expires=1679544155830&KeyName=labelbox-assets-key-3&Signature=3DA8yQz2MZcesN9NJ5V6w_9s27I,cl2cllenx5yjq0zcahk1jabvp
48,20220423_152357.jpg,312.0,234.0,2260.0,914.0,https://storage.labelbox.com/cl2ceiao35hbj0zahefxyfyll%2F187e3bf4-edf5-583e-0fef-eebfc7230e4d-20220423_152357.jpg?Expires=1679544155830&KeyName=labelbox-assets-key-3&Signature=e7TcYwvFg0TC7e-946DqSPeEhtA,cl2clm18m4wl00zbx6di5a31i
49,20220423_152405.jpg,306.0,123.0,2267.0,954.0,https://storage.labelbox.com/cl2ceiao35hbj0zahefxyfyll%2Ff63b9072-bdec-83a4-7f50-a84e0597830a-20220423_152405.jpg?Expires=1679544155831&KeyName=labelbox-assets-key-3&Signature=Aaa47e-DwFp94569hxKAfIZBjx8,cl2clmu2m60hz0zdfa56tcl2g
50,20220423_152410.jpg,291.0,68.0,2266.0,980.0,https://storage.labelbox.com/cl2ceiao35hbj0zahefxyfyll%2Fd85def89-bbe1-8a19-5158-428157e3e87f-20220423_152410.jpg?Expires=1679544155831&KeyName=labelbox-assets-key-3&Signature=x2bdMFSgAcvkHuqK12Fck_HndFg,cl2clntwv60ux0zamdotq8kn4
51,20220423_152427.jpg,270.0,34.0,2267.0,995.0,https://storage.labelbox.com/cl2ceiao35hbj0zahefxyfyll%2F4191393f-5a94-e653-710d-06cba2f47d8b-20220423_152427.jpg?Expires=1679544155831&KeyName=labelbox-assets-key-3&Signature=ncb-zddoeLrE0_pnZHI57uyCwb0,cl2clo6on60iu0zdf83qcccg9
52,20220423_152432.jpg,253.0,16.0,2268.0,1003.0,https://storage.labelbox.com/cl2ceiao35hbj0zahefxyfyll%2Fabe27fc4-4663-9f21-77b1-3d22aa869c6e-20220423_152432.jpg?Expires=1679544155831&KeyName=labelbox-assets-key-3&Signature=q_5VNCEiRqENC8SzSy8UKcbKP3o,cl2clopwm64v110cd7ogw464w
53,20220423_152437.jpg,237.0,3.0,2266.0,1007.0,https://storage.labelbox.com/cl2ceiao35hbj0zahefxyfyll%2F85a4c704-edbb-5b5e-fc0b-e69564cbd2e6-20220423_152437.jpg?Expires=1679544155831&KeyName=labelbox-assets-key-3&Signature=o0igiNKw5puc7hcXZge5-Anx9Wk,cl2clp94x4wnr0zbxfnwuhj3s
54,20220423_153138.jpg,150.0,344.0,2334.0,863.0,https://storage.labelbox.com/cl2ceiao35hbj0zahefxyfyll%2Fe37bfec7-9137-6fb3-da94-a64d71a430a3-20220423_153138.jpg?Expires=1679544155832&KeyName=labelbox-assets-key-3&Signature=RtyBsZSE6bYjWXeRs565vw4maM8,cl2clpvas60xa0zam3ufmf86n
55,20220423_153149.jpg,205.0,188.0,2263.0,944.0,https://storage.labelbox.com/cl2ceiao35hbj0zahefxyfyll%2Fcc57f4db-1277-8027-04fa-33710a4b7359-20220423_153149.jpg?Expires=1679544155832&KeyName=labelbox-assets-key-3&Signature=ZUOjSODj2auvGzoEBSN9vx15bv4,cl2clqf1u68gc0zccecbu003w
56,20220423_153153.jpg,178.0,126.0,2261.0,978.0,https://storage.labelbox.com/cl2ceiao35hbj0zahefxyfyll%2Fe650325e-3243-4bf8-e9fa-417b820c61b2-20220423_153153.jpg?Expires=1679544155832&KeyName=labelbox-assets-key-3&Signature=OESfUYVPivJg8fQzfeKNDTDEPAg,cl2clrfwm62q30zagawj57p3j
57,20220423_153207.jpg,182.0,40.0,2261.0,1040.0,https://storage.labelbox.com/cl2ceiao35hbj0zahefxyfyll%2F7cdc8d5b-220f-d43f-f0dc-eca37f797186-20220423_153207.jpg?Expires=1679544155832&KeyName=labelbox-assets-key-3&Signature=mQd6O74l91aCv69mf6zYC87c-UQ,cl2cls8py4wrl0zbx3q4l0xn9
58,20220423_153212.jpg,163.0,20.0,2262.0,1047.0,https://storage.labelbox.com/cl2ceiao35hbj0zahefxyfyll%2F95141d3e-00e4-25c3-f126-3172f8556628-20220423_153212.jpg?Expires=1679544155832&KeyName=labelbox-assets-key-3&Signature=ffD96bmb_E9zwXGuxEG2CgCDPyc,cl2clst4u62rj0zagbpyk2ao1
59,20220423_153218.jpg,149.0,5.0,2258.0,1053.0,https://storage.labelbox.com/cl2ceiao35hbj0zahefxyfyll%2Fc9ea9218-f273-f64c-e48e-7c232924bfbb-20220423_153218.jpg?Expires=1679544155832&KeyName=labelbox-assets-key-3&Signature=nMYpH8aGGd51ScP0FrXcw-okNAY,cl2cltfha610y0zam07zf0cap
60,20220423_153412.jpg,245.0,274.0,2260.0,922.0,https://storage.labelbox.com/cl2ceiao35hbj0zahefxyfyll%2Fee19e792-230e-9fa3-aea3-53cc7b7440fc-20220423_153412.jpg?Expires=1679544155833&KeyName=labelbox-assets-key-3&Signature=NFBVd0osirDroi168IdrmEv_Q_g,cl2clu4na4wsp0zbxe42nf406
61,20220423_153417.jpg,224.0,208.0,2262.0,961.0,https://storage.labelbox.com/cl2ceiao35hbj0zahefxyfyll%2Fe2dc12b6-a818-bdbc-3345-c1a832d82501-20220423_153417.jpg?Expires=1679544155903&KeyName=labelbox-assets-key-3&Signature=G90RMUyZag4vZff_mSI4f2y8vmM,cl2clv3rk62tm0zag2c0gagx1
62,20220423_153422.jpg,196.0,155.0,2261.0,989.0,https://storage.labelbox.com/cl2ceiao35hbj0zahefxyfyll%2Faa366c17-a88c-68a2-d906-7a4ac5ecf48e-20220423_153422.jpg?Expires=1679544155903&KeyName=labelbox-assets-key-3&Signature=hZcwJZ4RYiMYmZvwgdC7X6DhENw,cl2clw57060qf0zdfe6j06br0
63,20220423_153426.jpg,172.0,122.0,2262.0,1004.0,https://storage.labelbox.com/cl2ceiao35hbj0zahefxyfyll%2F4f5f8c1d-e4f3-09c3-3cd0-fa3d727f7844-20220423_153426.jpg?Expires=1679544155903&KeyName=labelbox-assets-key-3&Signature=AfF13lF1JjjCpp-inaLQ-ihGYlA,cl2clwkkf68kr0zccb409dv22
64,20220423_153430.jpg,151.0,96.0,2259.0,1014.0,https://storage.labelbox.com/cl2ceiao35hbj0zahefxyfyll%2Fb6cfe46d-de77-779d-4b98-831688d659e0-20220423_153430.jpg?Expires=1679544155906&KeyName=labelbox-assets-key-3&Signature=-4IbgwTLofhEPfqfN19Kk_n2Tpk,cl2clwwqw60ag0zahb9ft1455
65,20220423_153434.jpg,131.0,76.0,2255.0,1026.0,https://storage.labelbox.com/cl2ceiao35hbj0zahefxyfyll%2Fc0e82d54-f5a6-bb86-a5d1-62be5305e8ff-20220423_153434.jpg?Expires=1679544155906&KeyName=labelbox-assets-key-3&Signature=Az1P21mqLWOcVwCmXzzdJxBlYY8,cl2clxx6y4wvy0zbxeyeb0u37
66,20220423_153847.jpg,317.0,154.0,2268.0,952.0,https://storage.labelbox.com/cl2ceiao35hbj0zahefxyfyll%2F28ba6856-100a-a7ec-8d42-7ab9fab866de-20220423_153847.jpg?Expires=1679544155906&KeyName=labelbox-assets-key-3&Signature=x4qFy6mQl49mIaGhd7tqvk-Lbco,cl2cly87u4ww80zbxbbpu0iet
67,20220423_153857.jpg,306.0,65.0,2266.0,1002.0,https://storage.labelbox.com/cl2ceiao35hbj0zahefxyfyll%2F2c7ae321-3577-3a52-1a79-0a76d3ebb634-20220423_153857.jpg?Expires=1679544155909&KeyName=labelbox-assets-key-3&Signature=pKytevEiCJx_uY33IsA9qyRtVBQ,cl2clyom04wwi0zbx95n98l2b
68,20220423_153901.jpg,281.0,28.0,2261.0,1027.0,https://storage.labelbox.com/cl2ceiao35hbj0zahefxyfyll%2F7931b8d5-4b95-c779-012d-556c4b79b59e-20220423_153901.jpg?Expires=1679544155909&KeyName=labelbox-assets-key-3&Signature=4BrAYFS4A_53SvS-_Q51Wl5YeFQ,cl2clzkil62w90zag1a990iku
69,20220423_153904.jpg,257.0,6.0,2268.0,1036.0,https://storage.labelbox.com/cl2ceiao35hbj0zahefxyfyll%2Fe490c403-2cf5-b877-9eb9-3d86b93f341e-20220423_153904.jpg?Expires=1679544155910&KeyName=labelbox-assets-key-3&Signature=O4fPqIt-seIpxDoYb4CUCt93asI,cl2clzy8p68ns0zcchenx4hb1
70,20220423_153908.jpg,239.0,1.0,2271.0,1042.0,https://storage.labelbox.com/cl2ceiao35hbj0zahefxyfyll%2F312f3fb5-1dae-d390-5249-f92c94324d5f-20220423_153908.jpg?Expires=1679544155913&KeyName=labelbox-assets-key-3&Signature=t-lPe7L5oxQIW3M1joKfZ3ADnNk,cl2cm0apr68nv0zccb29le6cq
71,20220423_153912.jpg,224.0,0.0,2268.0,1041.0,https://storage.labelbox.com/cl2ceiao35hbj0zahefxyfyll%2F6cc661d0-9307-830a-73f6-e41286bedad1-20220423_153912.jpg?Expires=1679544155913&KeyName=labelbox-assets-key-3&Signature=DGELhw0c-8jkCj4PrOW5OUtkwH4,cl2cm0rj84wxt0zbx34h56i8q
72,20220423_154155.jpg,240.0,280.0,2272.0,861.0,https://storage.labelbox.com/cl2ceiao35hbj0zahefxyfyll%2F89f00865-e062-0979-c9b8-304e9afa6f44-20220423_154155.jpg?Expires=1679544155914&KeyName=labelbox-assets-key-3&Signature=SVT7NVC0qt8K2YfNhs_XC2I6Gy4,cl2cm1shv60fz0zah7e8t60rq
73,20220423_154200.jpg,233.0,233.0,2265.0,889.0,https://storage.labelbox.com/cl2ceiao35hbj0zahefxyfyll%2F61ad6a27-04ff-36a6-40a5-d16b497cf95a-20220423_154200.jpg?Expires=1679544155921&KeyName=labelbox-assets-key-3&Signature=sXIpesjTKBSXA6ab3h9MNuFu8xY,cl2cm2geb4wz20zbx65sl11sv
74,20220423_154203.jpg,202.0,175.0,2268.0,923.0,https://storage.labelbox.com/cl2ceiao35hbj0zahefxyfyll%2F2d901a53-3e32-4f43-9883-6ee3f7d365b5-20220423_154203.jpg?Expires=1679544155922&KeyName=labelbox-assets-key-3&Signature=E9Tj1r5aMJVeNveI1AnEyiJBEpU,cl2cm32x9656y10cdgjdnhswr
75,20220423_154207.jpg,177.0,134.0,2269.0,942.0,https://storage.labelbox.com/cl2ceiao35hbj0zahefxyfyll%2Fcc7637f2-5ea1-8a38-d9db-923a30ec7c04-20220423_154207.jpg?Expires=1679544155922&KeyName=labelbox-assets-key-3&Signature=-xJevOWwe0Llo6go7FsD0LSGeHs,cl2cm3h0g5yyv0zca6wlzc9l1
76,20220423_154211.jpg,159.0,108.0,2264.0,954.0,https://storage.labelbox.com/cl2ceiao35hbj0zahefxyfyll%2Fc1e89069-9600-b53d-d2db-295a32032806-20220423_154211.jpg?Expires=1679544155925&KeyName=labelbox-assets-key-3&Signature=MaMEvlTtW_m6Kvz6-D189SQGv9g,cl2cm3r6n5yyz0zcabt6tbytp
77,20220423_154215.jpg,139.0,85.0,2268.0,962.0,https://storage.labelbox.com/cl2ceiao35hbj0zahefxyfyll%2F636283aa-e771-bf5d-96d7-7fefd7819db8-20220423_154215.jpg?Expires=1679544155925&KeyName=labelbox-assets-key-3&Signature=ztiQHqzBeOIyZb8wh_xvlMW682U,cl2cm471s61a10zamdjb67lh0
78,20220423_154440.jpg,246.0,270.0,2261.0,851.0,https://storage.labelbox.com/cl2ceiao35hbj0zahefxyfyll%2Fa3d818c9-6efd-45cf-ff0f-df96c64cf96a-20220423_154440.jpg?Expires=1679544155925&KeyName=labelbox-assets-key-3&Signature=5Pg1bUa_fIrcWqyQGJs3ILhWKSs,cl2cm4mwm658j10cdbscggdyu
79,20220423_154448.jpg,222.0,226.0,2264.0,865.0,https://storage.labelbox.com/cl2ceiao35hbj0zahefxyfyll%2F7ec688fb-4d4d-fb09-345a-f4f36496686f-20220423_154448.jpg?Expires=1679544155928&KeyName=labelbox-assets-key-3&Signature=WoVbfROx8ge8flJrenNsAg_k8lo,cl2cm53d260jg0zahhpel4jw4
80,20220423_154453.jpg,195.0,171.0,2267.0,895.0,https://storage.labelbox.com/cl2ceiao35hbj0zahefxyfyll%2Fd3890844-112f-5deb-eb90-ff9b97bfde0f-20220423_154453.jpg?Expires=1679544155928&KeyName=labelbox-assets-key-3&Signature=PNPvLpb8UF_dRwD0OP6BgZto9AM,cl2cm5fff659i10cd9wwq3575
81,20220423_154458.jpg,170.0,134.0,2266.0,914.0,https://storage.labelbox.com/cl2ceiao35hbj0zahefxyfyll%2Fdfdeace5-7576-d32d-ea65-e7a35011a7f7-20220423_154458.jpg?Expires=1679544155928&KeyName=labelbox-assets-key-3&Signature=DhgZQu72mdAsyulfdTJQ4WgXvQk,cl2cm62925z0i0zcah60l8j7m
82,20220423_154502.jpg,147.0,106.0,2264.0,930.0,https://storage.labelbox.com/cl2ceiao35hbj0zahefxyfyll%2F9ca691fb-ea2a-c104-2e5f-358c84756821-20220423_154502.jpg?Expires=1679544155929&KeyName=labelbox-assets-key-3&Signature=0M5zF61YHG4vd0E_p3BdnqeI7QE,cl2cm6iip5z0q0zcage1j7fd6
83,20220423_154506.jpg,129.0,89.0,2265.0,939.0,https://storage.labelbox.com/cl2ceiao35hbj0zahefxyfyll%2F02d33f25-2815-f1b8-fedb-4225b25abcb2-20220423_154506.jpg?Expires=1679544155930&KeyName=labelbox-assets-key-3&Signature=xXsznNWxy1TYQj2CVlbl5zksg6c,cl2cm6y0v68u10zccduhc0bo3
84,20220423_154928.jpg,280.0,262.0,2274.0,863.0,https://storage.labelbox.com/cl2ceiao35hbj0zahefxyfyll%2Ffea45414-48ff-0c23-28fe-060d41ee8690-20220423_154928.jpg?Expires=1679544155930&KeyName=labelbox-assets-key-3&Signature=xTd7mW0kZbmiT4H6_ALBwmeebho,cl2cm7esj5z1m0zcaaj1aeul1
85,20220423_154934.jpg,280.0,146.0,2264.0,930.0,https://storage.labelbox.com/cl2ceiao35hbj0zahefxyfyll%2Fddb55817-0d75-d292-701c-58982422a039-20220423_154934.jpg?Expires=1679544156023&KeyName=labelbox-assets-key-3&Signature=n9aS_n5RxcDtPAJoeuUcey8V4ss,cl2cm8ckq60y10zdfhpbb4q7o
86,20220423_154939.jpg,251.0,82.0,2264.0,961.0,https://storage.labelbox.com/cl2ceiao35hbj0zahefxyfyll%2Fb3ec4677-6aeb-ef91-c4c9-921598f6890e-20220423_154939.jpg?Expires=1679544156023&KeyName=labelbox-assets-key-3&Signature=OZWiEL7Kf9QATvTTwEKQgoWhR-Y,cl2cm8u654x390zbx7a818yqq
87,20220423_154944.jpg,229.0,52.0,2266.0,978.0,https://storage.labelbox.com/cl2ceiao35hbj0zahefxyfyll%2F7df3fe6e-57ee-138e-04a1-90d4564c234e-20220423_154944.jpg?Expires=1679544156023&KeyName=labelbox-assets-key-3&Signature=E2HeBfd406Usdd4vfuI5KRRVsTs,cl2cm998q61di0zamh6jlg1ci
88,20220423_154948.jpg,213.0,28.0,2265.0,993.0,https://storage.labelbox.com/cl2ceiao35hbj0zahefxyfyll%2F84d4559a-8252-16ad-c794-183bc5f77698-20220423_154948.jpg?Expires=1679544156023&KeyName=labelbox-assets-key-3&Signature=II2jSieAJhtz3Y7jmX_SzBj1gUg,cl2cmb2de5z3g0zcafm0xgu2a
89,20220423_154953.jpg,199.0,11.0,2263.0,1001.0,https://storage.labelbox.com/cl2ceiao35hbj0zahefxyfyll%2F8291a879-1db1-1d45-bf8c-a8c430829020-20220423_154953.jpg?Expires=1679544156023&KeyName=labelbox-assets-key-3&Signature=1oPs1LUYh-w72CklWPYkGNQ9jgg,cl2cmbsoz68y60zccg92z1fs6
90,20220423_161139.jpg,8.0,337.0,1332.0,2166.0,https://storage.labelbox.com/cl2ceiao35hbj0zahefxyfyll%2Fe89237bb-58bc-a684-b75d-196f46b589ec-20220423_161139.jpg?Expires=1679544156023&KeyName=labelbox-assets-key-3&Signature=yKmIHm6_VzAJ9cfMZtlZaiaQ674,cl2huohik01q4108tchjeez7l
91,20220423_161115.jpg,250.0,242.0,1213.0,2265.0,https://storage.labelbox.com/cl2ceiao35hbj0zahefxyfyll%2Fcd03645d-f7fe-8254-adfa-3c81a720d532-20220423_161115.jpg?Expires=1679544156024&KeyName=labelbox-assets-key-3&Signature=9Ro-pkeTbRux8B1rYMrdhHob1iY,cl2huohps01lf10a3c47468g0
92,20220423_161124.jpg,88.0,324.0,1263.0,2157.0,https://storage.labelbox.com/cl2ceiao35hbj0zahefxyfyll%2F2035e2c8-04c5-a1a0-d94f-11b545e055e0-20220423_161124.jpg?Expires=1679544156024&KeyName=labelbox-assets-key-3&Signature=RftdOKt7IffpmujKEqox6XLhRdc,cl2huqa7t01ui0z8g69nw204n
93,20220423_161129.jpg,52.0,294.0,1284.0,2158.0,https://storage.labelbox.com/cl2ceiao35hbj0zahefxyfyll%2Ff0579b01-f358-2264-3da0-1b5ac1d67089-20220423_161129.jpg?Expires=1679544156024&KeyName=labelbox-assets-key-3&Signature=ntUp5aHUF_wMPfruVnKi30lBqIA,cl2hurco4020r0z8gfh3y5lvd
94,20220423_161133.jpg,25.0,270.0,1319.0,2163.0,https://storage.labelbox.com/cl2ceiao35hbj0zahefxyfyll%2F20a4b0b7-7e38-b1a6-cd15-703564cf8653-20220423_161133.jpg?Expires=1679544156024&KeyName=labelbox-assets-key-3&Signature=4fG8XvNbAUJhKG3wLnVd0v-gJSo,cl2hus046023f10a33jf062sq
95,20220423_161143.jpg,2.0,184.0,927.0,1686.0,https://storage.labelbox.com/cl2ceiao35hbj0zahefxyfyll%2Fdc49532a-b326-c0b6-fd95-033959febddc-20220423_161143.jpg?Expires=1679544156024&KeyName=labelbox-assets-key-3&Signature=oy_CK6Pc6YBnZIiMp4DLJv--mgQ,cl2husuu1024r0zarf7ya72du
96,20220423_161757.jpg,247.0,270.0,768.0,1567.0,https://storage.labelbox.com/cl2ceiao35hbj0zahefxyfyll%2F55de0283-3fdd-71d6-6db8-9c407e4b0c3d-20220423_161757.jpg?Expires=1679544156024&KeyName=labelbox-assets-key-3&Signature=Glu5VOM8XRuN5mB0hF-jUS025aA,cl2hutejb02k10z9idi8ccese
97,20220423_161802.jpg,99.0,366.0,834.0,1508.0,https://storage.labelbox.com/cl2ceiao35hbj0zahefxyfyll%2F0cb49a98-92b2-ccc1-496c-785e8a11eb9b-20220423_161802.jpg?Expires=1679544156025&KeyName=labelbox-assets-key-3&Signature=ksHV3ZBSXj_W9pQc53uPGyjESGo,cl2huvhqu02kq0z8gdlymfrye
98,20220423_161807.jpg,43.0,335.0,873.0,1542.0,https://storage.labelbox.com/cl2ceiao35hbj0zahefxyfyll%2Fa136ee84-72c7-9266-7c5d-6c06c40537c9-20220423_161807.jpg?Expires=1679544156025&KeyName=labelbox-assets-key-3&Signature=tuSGMkepiebyXNZ3dcWV7PcbHLc,cl2huwgi100oh107h4ju39gzt
99,20220423_161811.jpg,21.0,314.0,886.0,1562.0,https://storage.labelbox.com/cl2ceiao35hbj0zahefxyfyll%2Ff2f314b5-8412-d970-7ded-2d2acb12fa22-20220423_161811.jpg?Expires=1679544156025&KeyName=labelbox-assets-key-3&Signature=FjMessKB3haziMdU7OK_PrvlY9c,cl2huww0900qo107hd3w0e7wx
100,20220423_161816.jpg,7.0,291.0,894.0,1579.0,https://storage.labelbox.com/cl2ceiao35hbj0zahefxyfyll%2F8dc7e370-45e3-f28a-6ffd-9fd68bfb41a3-20220423_161816.jpg?Expires=1679544156025&KeyName=labelbox-assets-key-3&Signature=YFAAfYAv1z_dg10Oys63CXNUjLE,cl2hux8h602to0z8gbpwe98yh
101,20220423_161824.jpg,1.0,274.0,902.0,1597.0,https://storage.labelbox.com/cl2ceiao35hbj0zahefxyfyll%2F5233fb35-3ed3-6e40-e67b-f8f441393f76-20220423_161824.jpg?Expires=1679544156025&KeyName=labelbox-assets-key-3&Signature=qRPDBRI392QfhSGDwrm3IJEK4mI,cl2huxpl703700z9i11vfcu08
102,20220423_162703.jpg,258.0,321.0,768.0,1538.0,https://storage.labelbox.com/cl2ceiao35hbj0zahefxyfyll%2F62e7dd66-7196-e0a7-0e86-fe7d4fbf70d8-20220423_162703.jpg?Expires=1679544156025&KeyName=labelbox-assets-key-3&Signature=2FcoWTu06Ch0JqicmV2tBO3rq5Y,cl2huydwp03140z8g8gnb1l47
103,20220423_162710.jpg,109.0,311.0,848.0,1558.0,https://storage.labelbox.com/cl2ceiao35hbj0zahefxyfyll%2F2899fbf1-8f11-60d8-60ce-773a333cd3d2-20220423_162710.jpg?Expires=1679544156025&KeyName=labelbox-assets-key-3&Signature=iiwYjlBM8gMG4y3rhpJj3aUYTes,cl2huyzco037910a3ezcb1oar
104,20220423_162715.jpg,33.0,288.0,868.0,1587.0,https://storage.labelbox.com/cl2ceiao35hbj0zahefxyfyll%2F1cfde0ed-701c-e374-0e8b-5951814b14b9-20220423_162715.jpg?Expires=1679544156025&KeyName=labelbox-assets-key-3&Signature=gSWpShG31TFIsRCl-WT2O74jIbA,cl2huzpxm01au107h1d3gdmbu
105,20220423_162720.jpg,6.0,261.0,847.0,1616.0,https://storage.labelbox.com/cl2ceiao35hbj0zahefxyfyll%2Fe86f3f2d-1553-ac5e-d765-5939f9394d6b-20220423_162720.jpg?Expires=1679544156025&KeyName=labelbox-assets-key-3&Signature=rKrZYoWd34vH9ieBpOhE0rCfT7Q,cl2hv003b03mo108tgh1qgi6g
106,20220423_162726.jpg,3.0,235.0,818.0,1644.0,https://storage.labelbox.com/cl2ceiao35hbj0zahefxyfyll%2Fbfd89923-93ba-6c5d-e9d6-f5c6f7d86c90-20220423_162726.jpg?Expires=1679544156025&KeyName=labelbox-assets-key-3&Signature=tq-Yf3Lv3uNYHvmHm2y7Lz47bjk,cl2hv0iwh03kx0z8gf2rn8qh2
107,20220423_162734.jpg,3.0,210.0,820.0,1671.0,https://storage.labelbox.com/cl2ceiao35hbj0zahefxyfyll%2F06e58323-3ba3-2f2c-f194-957417e51db9-20220423_162734.jpg?Expires=1679544156026&KeyName=labelbox-assets-key-3&Signature=uGWItrS1YdEjiVAsmqYNyMsvj5s,cl2hv1alu03ot10a3h9s95y27
108,20220423_164014.jpg,238.0,319.0,1120.0,1505.0,https://storage.labelbox.com/cl2ceiao35hbj0zahefxyfyll%2F68d8afc4-c040-f5ff-1b74-f2eef56b73fa-20220423_164014.jpg?Expires=1679544156026&KeyName=labelbox-assets-key-3&Signature=46CjwwRPwCnKd7TX1i0v8gPJMMQ,cl2hv1nml06f20z654g7ofekn
109,20220423_164023.jpg,74.0,339.0,1219.0,1538.0,https://storage.labelbox.com/cl2ceiao35hbj0zahefxyfyll%2F030a884f-db8b-4f5c-148c-26bcca575c69-20220423_164023.jpg?Expires=1679544156026&KeyName=labelbox-assets-key-3&Signature=7MVEkVZFwIahBQlPD20CBcu4CLg,cl2hv202501tf107hchike8ww
110,20220423_164028.jpg,26.0,303.0,1256.0,1574.0,https://storage.labelbox.com/cl2ceiao35hbj0zahefxyfyll%2F7f7b5484-d5bb-ac64-3b88-bc747a48b289-20220423_164028.jpg?Expires=1679544156026&KeyName=labelbox-assets-key-3&Signature=i9HXbvHfhJtV3KMaeXTZSTnepqo,cl2hv2kaj03xj10a36k6jat22
111,20220423_164033.jpg,5.0,304.0,1268.0,1567.0,https://storage.labelbox.com/cl2ceiao35hbj0zahefxyfyll%2F83f4c8c6-75e4-bc56-9fdb-df3b317bdd80-20220423_164033.jpg?Expires=1679544156026&KeyName=labelbox-assets-key-3&Signature=XeBXgIqjQs1EBIU_54nqJ3j7cbs,cl2hv35ui04gb0z9i0gvlb4el
112,20220423_164038.jpg,2.0,299.0,1272.0,1574.0,https://storage.labelbox.com/cl2ceiao35hbj0zahefxyfyll%2Faa08c16e-e2a1-36f8-cfd2-55b42b3a148c-20220423_164038.jpg?Expires=1679544156026&KeyName=labelbox-assets-key-3&Signature=40VtEFecPDsZOaU8FNDwAq6llwY,cl2hv3nde04790z83gy1h3l61
113,20220423_164044.jpg,3.0,288.0,1272.0,1583.0,https://storage.labelbox.com/cl2ceiao35hbj0zahefxyfyll%2F2821a957-fa34-d0ef-be7b-2649a293b7af-20220423_164044.jpg?Expires=1679544156027&KeyName=labelbox-assets-key-3&Signature=2zsFKQYBxQp8VyPCMn0pbWM2EF8,cl2hv4tsx04fb10a34evq2f99
114,20220423_164432.jpg,228.0,309.0,1132.0,1542.0,https://storage.labelbox.com/cl2ceiao35hbj0zahefxyfyll%2Fa571d2d0-4a3b-1c3c-6e3c-246a6592c4dd-20220423_164432.jpg?Expires=1679544156027&KeyName=labelbox-assets-key-3&Signature=c2_yGfNuhPQEOcHnlTV50ekiYk4,cl2hv5f1v04w00z9i3csuc1oi
115,20220423_164442.jpg,56.0,306.0,1227.0,1576.0,https://storage.labelbox.com/cl2ceiao35hbj0zahefxyfyll%2F80529ba5-fbed-39c1-81a3-5c6087b16700-20220423_164442.jpg?Expires=1679544156027&KeyName=labelbox-assets-key-3&Signature=rsoo0tNaaq7yvW0KPbZ7V3RcWiQ,cl2hv5rgi04t4108tbohkem2i
116,20220423_164446.jpg,14.0,281.0,1242.0,1600.0,https://storage.labelbox.com/cl2ceiao35hbj0zahefxyfyll%2F847c2730-44a0-a84f-a3f0-0a4c3f39f729-20220423_164446.jpg?Expires=1679544156027&KeyName=labelbox-assets-key-3&Signature=8mZpZrxwF40Yic9m1fmpxcLhHKc,cl2hv6nsg04q30zargj5gd605
117,20220423_164450.jpg,7.0,262.0,1240.0,1619.0,https://storage.labelbox.com/cl2ceiao35hbj0zahefxyfyll%2F302f35be-74bf-ea93-36f1-5b2678b19284-20220423_164450.jpg?Expires=1679544156027&KeyName=labelbox-assets-key-3&Signature=lPrxVSkCIC50NL0va4NbSB2Y5UI,cl2hv6z4f04x50z83fyyg7pao
118,20220423_164455.jpg,1.0,247.0,1246.0,1628.0,https://storage.labelbox.com/cl2ceiao35hbj0zahefxyfyll%2Fc6648ebe-b47a-3441-1e0e-1de8e3b9e268-20220423_164455.jpg?Expires=1679544156027&KeyName=labelbox-assets-key-3&Signature=NglHKDVhBxmmQbBV1Qrc2UNdkRY,cl2hv7dmi05a10z9i88pfdoka
119,20220423_164500.jpg,1.0,294.0,1244.0,1590.0,https://storage.labelbox.com/cl2ceiao35hbj0zahefxyfyll%2F77c21d64-3cd2-63af-888d-1f7616c602ca-20220423_164500.jpg?Expires=1679544156027&KeyName=labelbox-assets-key-3&Signature=4mrMTJAKxes5xW9EKtVs31hPtOI,cl2hv7uyp050s0zarb4pjeeek
120,20220423_164749.jpg,235.0,311.0,1159.0,1522.0,https://storage.labelbox.com/cl2ceiao35hbj0zahefxyfyll%2Faa7426ad-2ba5-e85a-e196-f49cf2cc42a4-20220423_164749.jpg?Expires=1679544156027&KeyName=labelbox-assets-key-3&Signature=2V3NPC4k-HX_05tjtrYZrrqbI30,cl2hv8vur057k0zar8uwa6np9
121,20220423_164754.jpg,59.0,333.0,1254.0,1548.0,https://storage.labelbox.com/cl2ceiao35hbj0zahefxyfyll%2F7b93f253-c315-3f35-0ddc-23f1b8841006-20220423_164754.jpg?Expires=1679544156028&KeyName=labelbox-assets-key-3&Signature=vMCexhkU6T9tefde9yyI3TzUZfc,cl2hvar5305u9108tf35k3rwb
122,20220423_164759.jpg,3.0,291.0,1273.0,1579.0,https://storage.labelbox.com/cl2ceiao35hbj0zahefxyfyll%2F957bd52b-5ae8-450e-d75a-5f6d356d2bcf-20220423_164759.jpg?Expires=1679544156028&KeyName=labelbox-assets-key-3&Signature=jb848UxQpoJuG8IYfMZ-s8Iu0O8,cl2hvarbw08870z6594hc1ifr
123,20220423_164803.jpg,1.0,276.0,1277.0,1597.0,https://storage.labelbox.com/cl2ceiao35hbj0zahefxyfyll%2Fe89a7445-61f7-282f-7783-b2fa6895564e-20220423_164803.jpg?Expires=1679544156028&KeyName=labelbox-assets-key-3&Signature=zbOxb-byscJ_byGqsH4xVs9gyt4,cl2hvb5ss05vy0z8g328fdmmp
124,20220423_164808.jpg,1.0,258.0,1275.0,1617.0,https://storage.labelbox.com/cl2ceiao35hbj0zahefxyfyll%2F71dfbb48-64c9-0861-55d4-472562311d99-20220423_164808.jpg?Expires=1679544156028&KeyName=labelbox-assets-key-3&Signature=4iYS_KFvgatQjXmMJotU4-ab2G0,cl2hvbl9n05yn0z8g0rszb8do
125,20220423_164812.jpg,1.0,233.0,1276.0,1633.0,https://storage.labelbox.com/cl2ceiao35hbj0zahefxyfyll%2Fa9a05f80-d06b-e126-d2d7-0719c1197c25-20220423_164812.jpg?Expires=1679544156028&KeyName=labelbox-assets-key-3&Signature=F8zI_aia5N-55-xMJeMJMqWK41I,cl2hvc46j05va10a3ddd5ccck
126,20220423_165244.jpg,248.0,267.0,1181.0,1480.0,https://storage.labelbox.com/cl2ceiao35hbj0zahefxyfyll%2Fa5a297cc-81b7-5c0e-f8bc-1d419d2b7e41-20220423_165244.jpg?Expires=1679544156028&KeyName=labelbox-assets-key-3&Signature=AmSKGbnVsmOw7lw44L8_vwBOzoM,cl2hvciob03sh107h8uw3f3hf
127,20220423_165251.jpg,96.0,298.0,1256.0,1509.0,https://storage.labelbox.com/cl2ceiao35hbj0zahefxyfyll%2Ff3817b61-28ac-d32b-5e4a-24e45313d42b-20220423_165251.jpg?Expires=1679544156028&KeyName=labelbox-assets-key-3&Signature=h3-bVIYYk-1iBHkEsLOlJTPteD0,cl2hvcrz708mc0z65g8275lk5
128,20220423_165255.jpg,53.0,265.0,1278.0,1540.0,https://storage.labelbox.com/cl2ceiao35hbj0zahefxyfyll%2F8076dcd2-383e-09fd-5d94-167744a2eebb-20220423_165255.jpg?Expires=1679544156028&KeyName=labelbox-assets-key-3&Signature=9M-b3pqA7GgnoM7t6K3VP_SAavA,cl2hvdfyi061b0zar999l03el
129,20220423_165259.jpg,32.0,238.0,1284.0,1563.0,https://storage.labelbox.com/cl2ceiao35hbj0zahefxyfyll%2F0cd91d57-c99b-0ef5-f14e-4822bb440337-20220423_165259.jpg?Expires=1679544156029&KeyName=labelbox-assets-key-3&Signature=en8F2UcNRXQPd7fCVmcFSsevJtQ,cl2hve1h308v60z65fb1k6xrh
130,20220423_165304.jpg,12.0,206.0,1295.0,1593.0,https://storage.labelbox.com/cl2ceiao35hbj0zahefxyfyll%2F03ac4c63-8f06-03c4-04c9-46abbcc6dae7-20220423_165304.jpg?Expires=1679544156029&KeyName=labelbox-assets-key-3&Signature=QxbEYx4IetgLYhkB3s0bPocjUSg,cl2hvemba06t10z9iaxvg1v64
131,20220423_165310.jpg,5.0,184.0,1299.0,1615.0,https://storage.labelbox.com/cl2ceiao35hbj0zahefxyfyll%2F31a1f263-8d08-741a-01d2-2d4a21356e54-20220423_165310.jpg?Expires=1679544156029&KeyName=labelbox-assets-key-3&Signature=RJhKNhkxlIGy9sWArD8tBRwsqE0,cl2hvevjl06vf0z9ighgff2hr
132,20220423_165610.jpg,264.0,343.0,1240.0,1529.0,https://storage.labelbox.com/cl2ceiao35hbj0zahefxyfyll%2Fb6e9f6fa-a67a-f53a-4f20-322deadf827e-20220423_165610.jpg?Expires=1679544156029&KeyName=labelbox-assets-key-3&Signature=IaF-XPPkhmi4kLtl6ZkKQEzAwws,cl2hvf73b06qb108t0s0ogxqg
133,20220423_165616.jpg,76.0,362.0,1341.0,1550.0,https://storage.labelbox.com/cl2ceiao35hbj0zahefxyfyll%2F7e9deb93-bb31-34f7-6336-76afbff86bcb-20220423_165616.jpg?Expires=1679544156029&KeyName=labelbox-assets-key-3&Signature=xLWngcSKaXsy6jSzLNbHg8FVWXk,cl2hvfhex06f10zar0s5qd0rh
134,20220423_165621.jpg,18.0,319.0,1376.0,1589.0,https://storage.labelbox.com/cl2ceiao35hbj0zahefxyfyll%2Fcef22ac7-9fda-6049-481a-8d5d37fbbc6a-20220423_165621.jpg?Expires=1679544156029&KeyName=labelbox-assets-key-3&Signature=m9XrCNzxC8TOeU3rS_v97BC6Sb4,cl2hvg7de06x9108td7kx33q9
135,20220423_165625.jpg,1.0,292.0,1383.0,1616.0,https://storage.labelbox.com/cl2ceiao35hbj0zahefxyfyll%2Fb9da67f3-0a20-63a7-13dd-e3ecb4a64a56-20220423_165625.jpg?Expires=1679544156030&KeyName=labelbox-assets-key-3&Signature=Rq84CFqCITlxQbny0yTGhdmMIeg,cl2hvgjjo078h0z9ihkr18piu
136,20220423_165629.jpg,1.0,267.0,1389.0,1638.0,https://storage.labelbox.com/cl2ceiao35hbj0zahefxyfyll%2Fcc57a806-6e6d-82db-b121-903f97d2dfde-20220423_165629.jpg?Expires=1679544156030&KeyName=labelbox-assets-key-3&Signature=1KZNPMNgPX_9GI0I7yUtygis4jo,cl2hvgruf06sy0z831xiqfgw3
137,20220423_165633.jpg,1.0,247.0,1389.0,1661.0,https://storage.labelbox.com/cl2ceiao35hbj0zahefxyfyll%2F1264da73-4660-f5ec-85c0-5f9ad97aa01f-20220423_165633.jpg?Expires=1679544156030&KeyName=labelbox-assets-key-3&Signature=vdp1vAAvzLl80HL_dCsVOvxqHGI,cl2hvh0lw06u90z831y1v3qvx
138,20220423_170129.jpg,253.0,361.0,1150.0,1646.0,https://storage.labelbox.com/cl2ceiao35hbj0zahefxyfyll%2F9de27e49-f980-0655-66fa-6e9505705155-20220423_170129.jpg?Expires=1679544156030&KeyName=labelbox-assets-key-3&Signature=ZeU8NCByUTVgDalxOybv3dT0ujs,cl2hvh9s306y110a318kvcf40
139,20220423_170139.jpg,70.0,373.0,1241.0,1673.0,https://storage.labelbox.com/cl2ceiao35hbj0zahefxyfyll%2F0871f352-2f71-d004-5fb1-16a6d555018c-20220423_170139.jpg?Expires=1679544156030&KeyName=labelbox-assets-key-3&Signature=0wvavu7nOKa92SxxIkD_Enu8INo,cl2hvhild07690z8ghe2yepia
140,20220423_170144.jpg,31.0,342.0,1261.0,1705.0,https://storage.labelbox.com/cl2ceiao35hbj0zahefxyfyll%2F21c4bf70-3f98-0754-3dac-cc7143758d7e-20220423_170144.jpg?Expires=1679544156030&KeyName=labelbox-assets-key-3&Signature=3LPhb_L_UzrGCQsPDRBpMtXk4MU,cl2hvhyr407id0z9iblmha9op
141,20220423_170149.jpg,6.0,317.0,1275.0,1728.0,https://storage.labelbox.com/cl2ceiao35hbj0zahefxyfyll%2F0b82f837-7c26-44f2-5554-9f7f80d5955e-20220423_170149.jpg?Expires=1679544156030&KeyName=labelbox-assets-key-3&Signature=XbVDLnWgzFNdGvEiqJhYtazgsy0,cl2hvi8b807jo0z9i2s9n4tf5
142,20220423_170154.jpg,1.0,297.0,1273.0,1755.0,https://storage.labelbox.com/cl2ceiao35hbj0zahefxyfyll%2F8bf55427-7163-81ed-29f5-e713c00c7f8c-20220423_170154.jpg?Expires=1679544156030&KeyName=labelbox-assets-key-3&Signature=rvWa8vlLjluhEix5wCvgcV_hP0o,cl2hviitx07mn0z9ibzc804gt
143,20220423_170209.jpg,1.0,267.0,1274.0,1779.0,https://storage.labelbox.com/cl2ceiao35hbj0zahefxyfyll%2Fc604480e-fbd4-45e2-17e7-de39288d409d-20220423_170209.jpg?Expires=1679544156030&KeyName=labelbox-assets-key-3&Signature=Q70nqqqKd93T_xWqkN_FUhg6PTs,cl2hvldxh07r910a34hpx1ggf
144,20220423_170506.jpg,236.0,345.0,1192.0,1666.0,https://storage.labelbox.com/cl2ceiao35hbj0zahefxyfyll%2F24864b2c-a889-795c-cfed-52b3badabbe0-20220423_170506.jpg?Expires=1679544156030&KeyName=labelbox-assets-key-3&Signature=lzvoz9L3rWuCacrkdKIdI-4fECo,cl2hvlp5t08720z9i5l9z0tnf
145,20220423_170511.jpg,90.0,355.0,1263.0,1690.0,https://storage.labelbox.com/cl2ceiao35hbj0zahefxyfyll%2F6c222c6e-dd54-5f0f-3343-b3f0080ea801-20220423_170511.jpg?Expires=1679544156031&KeyName=labelbox-assets-key-3&Signature=gsrRnh4MMUXzzVydCjM786chpq0,cl2hvlxmp0adh0z65hlu8h9yb
146,20220423_170516.jpg,38.0,336.0,1285.0,1725.0,https://storage.labelbox.com/cl2ceiao35hbj0zahefxyfyll%2F4ea2e361-abc5-6510-3aaa-6ffa5d073a07-20220423_170516.jpg?Expires=1679544156031&KeyName=labelbox-assets-key-3&Signature=L8DM48GerYCqeB05Rjq85M86l4c,cl2hvmj3l08js0z9ihrcz159f
147,20220423_170520.jpg,22.0,301.0,1292.0,1747.0,https://storage.labelbox.com/cl2ceiao35hbj0zahefxyfyll%2F36d59a6e-01f7-477f-13a8-5fca6dbf1826-20220423_170520.jpg?Expires=1679544156031&KeyName=labelbox-assets-key-3&Signature=eKTqEBMo5N79h13TJwOHIeKQT4U,cl2hvmtqv082c0zaraluw5ud9
148,20220423_170525.jpg,4.0,270.0,1300.0,1771.0,https://storage.labelbox.com/cl2ceiao35hbj0zahefxyfyll%2Fb5c5dfcf-4196-c6e6-7acd-8202c81f72ec-20220423_170525.jpg?Expires=1679544156031&KeyName=labelbox-assets-key-3&Signature=jI1XVp0D3688G1ZDQIyERMUtwz8,cl2hvnaar0als0z651qp70sbv
149,20220423_170530.jpg,1.0,257.0,1304.0,1788.0,https://storage.labelbox.com/cl2ceiao35hbj0zahefxyfyll%2F7cec1fe3-6a3f-0561-ae3e-cf48153222cf-20220423_170530.jpg?Expires=1679544156031&KeyName=labelbox-assets-key-3&Signature=MoNCtG6jwhtoB_y9IwNTudzhXro,cl2hvni0c0any0z65e50k3lm3
150,20220423_170850.jpg,240.0,355.0,1299.0,1662.0,https://storage.labelbox.com/cl2ceiao35hbj0zahefxyfyll%2Fa3aca846-182b-9ce3-2619-f277bd849f60-20220423_170850.jpg?Expires=1679544156031&KeyName=labelbox-assets-key-3&Signature=e-YNTqi_KS7fd4Z7i1YPjtED1G0,cl2hvnv0g08ur0z9i8xj772s2
151,20220423_170858.jpg,104.0,359.0,1367.0,1694.0,https://storage.labelbox.com/cl2ceiao35hbj0zahefxyfyll%2F6665a7af-7cf8-8f45-5bd2-445d5622597a-20220423_170858.jpg?Expires=1679544156031&KeyName=labelbox-assets-key-3&Signature=LXRMOABNMpFsIW0cXgsN3OLwzyc,cl2hvoaky061a107h78au0gf8
152,20220423_170903.jpg,54.0,333.0,1387.0,1721.0,https://storage.labelbox.com/cl2ceiao35hbj0zahefxyfyll%2F36e496f2-17a5-7adc-6b41-858770af3bb6-20220423_170903.jpg?Expires=1679544156031&KeyName=labelbox-assets-key-3&Signature=_JbSWfbm7hAMj61qYr8rB70oOcA,cl2hvojjo08po108t4rlaf6ko
153,20220423_170906.jpg,29.0,311.0,1398.0,1745.0,https://storage.labelbox.com/cl2ceiao35hbj0zahefxyfyll%2F53f891dd-bc3b-6a7a-0b24-b9998e2fd6d7-20220423_170906.jpg?Expires=1679544156032&KeyName=labelbox-assets-key-3&Signature=HLVsN_T5ix5bZtbwZOI2gqXYPjY,cl2hvot5s08ev0zar9xczh9tv
154,20220423_170911.jpg,8.0,287.0,1411.0,1767.0,https://storage.labelbox.com/cl2ceiao35hbj0zahefxyfyll%2Fe8893546-525a-9db4-b33c-d1d5ae6d4e32-20220423_170911.jpg?Expires=1679544156032&KeyName=labelbox-assets-key-3&Signature=bVdER5QjDoibHIpd8HGPBm9KfLE,cl2hvp3mn093o0z9iahp95cet
155,20220423_170916.jpg,1.0,271.0,1414.0,1786.0,https://storage.labelbox.com/cl2ceiao35hbj0zahefxyfyll%2F1b2f7292-e9e5-2ef2-c773-77e6bbbebc46-20220423_170916.jpg?Expires=1679544156032&KeyName=labelbox-assets-key-3&Signature=nqxz1HanX6JUQDD-QY4p50H-eCg,cl2hvpcd3095v0z9igcqr1yxt
156,20220423_171223.jpg,256.0,326.0,1288.0,1682.0,https://storage.labelbox.com/cl2ceiao35hbj0zahefxyfyll%2Fe520c622-fb53-f0ca-5632-a6835da404b4-20220423_171223.jpg?Expires=1679544156032&KeyName=labelbox-assets-key-3&Signature=xB2ru66H5ZUYXnxNEQwKXfS0ocA,cl2hvplix0b3k0z65elmc8p8b
157,20220423_171227.jpg,178.0,330.0,1312.0,1700.0,https://storage.labelbox.com/cl2ceiao35hbj0zahefxyfyll%2F94560e1c-45cd-1d2f-7547-b566e5705a52-20220423_171227.jpg?Expires=1679544156032&KeyName=labelbox-assets-key-3&Signature=rGCzPej8id6n1BQ16x3Eiu98ZVI,cl2hvqan008mz0z8g8z3cfk6l
158,20220423_171232.jpg,86.0,313.0,1370.0,1744.0,https://storage.labelbox.com/cl2ceiao35hbj0zahefxyfyll%2F10a0b7bb-8dcf-0d57-b5e5-b2378978d1a0-20220423_171232.jpg?Expires=1679544156032&KeyName=labelbox-assets-key-3&Signature=dbPFm5dJmaA76chEWjubKZp6mhs,cl2hvqmsa08pm0z8g02h5gra1
159,20220423_171238.jpg,42.0,291.0,1405.0,1769.0,https://storage.labelbox.com/cl2ceiao35hbj0zahefxyfyll%2Fa650951d-77ab-a6e4-951e-acb0934c35db-20220423_171238.jpg?Expires=1679544156033&KeyName=labelbox-assets-key-3&Signature=8zv6fZQvQOou5AB43VndPXaBmD0,cl2hvqwe409dr0z9i7wplag54
160,20220423_171243.jpg,10.0,274.0,1430.0,1786.0,https://storage.labelbox.com/cl2ceiao35hbj0zahefxyfyll%2F53063675-f44e-02f1-aa00-3083ebc3da3a-20220423_171243.jpg?Expires=1679544156033&KeyName=labelbox-assets-key-3&Signature=3vgg8VX_lKBWcb2rus4kFStc28g,cl2hvrant08rl0z8320xp6o36
161,20220423_171249.jpg,1.0,252.0,1432.0,1806.0,https://storage.labelbox.com/cl2ceiao35hbj0zahefxyfyll%2F736745ab-fc32-2bef-b544-d2ac1019e0e0-20220423_171249.jpg?Expires=1679544156033&KeyName=labelbox-assets-key-3&Signature=74dFBtFVN9H4kNwgO8Bk638zg2w,cl2hvrohr0bkx0z65gmoyep1i
162,20220423_171651.jpg,300.0,128.0,1117.0,1811.0,https://storage.labelbox.com/cl2ceiao35hbj0zahefxyfyll%2Fffeac1ac-5db1-58e3-50f9-5147b35180c9-20220423_171651.jpg?Expires=1679544156033&KeyName=labelbox-assets-key-3&Signature=QGFxCkOnVzesOAVoobiigTodZrA,cl2hvsiia090710a34p2m861g
163,20220423_171658.jpg,50.0,396.0,1252.0,1652.0,https://storage.labelbox.com/cl2ceiao35hbj0zahefxyfyll%2F900dedc1-6274-3f26-4f29-36cf28b36ec0-20220423_171658.jpg?Expires=1679544156033&KeyName=labelbox-assets-key-3&Signature=WqLaAv3qRU4ZznqgRDChQS-umyE,cl2hvt1sk06ql107hcoe47x1l
164,20220423_171704.jpg,12.0,362.0,1272.0,1687.0,https://storage.labelbox.com/cl2ceiao35hbj0zahefxyfyll%2F8fef57ec-7b04-c773-4331-bd901fb48bd6-20220423_171704.jpg?Expires=1679544156033&KeyName=labelbox-assets-key-3&Signature=kKG3qVB2HZXoLsSkBUaA5IJN63Q,cl2hvufri09eh10a34jpd2d1y
165,20220423_171707.jpg,1.0,343.0,1276.0,1711.0,https://storage.labelbox.com/cl2ceiao35hbj0zahefxyfyll%2F8571bb4e-ec87-c97f-7356-fabdc29d513f-20220423_171707.jpg?Expires=1679544156033&KeyName=labelbox-assets-key-3&Signature=hZn2PuFlEy7KUThP_lYsjyguC5U,cl2hvuphf09hn0z83dpab6phz
166,20220423_171712.jpg,1.0,313.0,1270.0,1734.0,https://storage.labelbox.com/cl2ceiao35hbj0zahefxyfyll%2F54e552ad-6f8c-9368-ba52-404051c8da1a-20220423_171712.jpg?Expires=1679544156033&KeyName=labelbox-assets-key-3&Signature=Ip4m3N8eexgwuJ3hhe3u0N9gEyk,cl2hvuxki0a9h0z9iele287wt
167,20220423_171717.jpg,1.0,295.0,1274.0,1756.0,https://storage.labelbox.com/cl2ceiao35hbj0zahefxyfyll%2Feb8deaca-3c2b-4c75-accd-7efe7bb10039-20220423_171717.jpg?Expires=1679544156033&KeyName=labelbox-assets-key-3&Signature=MHPlhLYPJsE-VTiu0SrmZiihe6g,cl2hvv4no09kg0zar0hegcpnn
168,20220423_172107.jpg,314.0,348.0,1187.0,1661.0,https://storage.labelbox.com/cl2ceiao35hbj0zahefxyfyll%2Fc6459609-3dab-20d5-4264-2ffb7b998d74-20220423_172107.jpg?Expires=1679544156033&KeyName=labelbox-assets-key-3&Signature=NEhPDXFFSTHaFaKblSxVd9RFISM,cl2hvvck407bp107h6re6gque
169,20220423_172114.jpg,146.0,394.0,1251.0,1656.0,https://storage.labelbox.com/cl2ceiao35hbj0zahefxyfyll%2F36de3080-2cbb-c24b-3aec-3224ea94f959-20220423_172114.jpg?Expires=1679544156034&KeyName=labelbox-assets-key-3&Signature=aPUQSVTgRknahkCDRbDsl02Edio,cl2hvvj4609x6108tezav04j7
170,20220423_172118.jpg,64.0,356.0,1293.0,1697.0,https://storage.labelbox.com/cl2ceiao35hbj0zahefxyfyll%2F712a1331-8310-3e94-9b94-99731e3305b3-20220423_172118.jpg?Expires=1679544156034&KeyName=labelbox-assets-key-3&Signature=dzAcp19yWM1oxzfu2eibuRK8IFQ,cl2hvvv2f0ah90z9i1e4xg51o
171,20220423_172122.jpg,39.0,333.0,1302.0,1722.0,https://storage.labelbox.com/cl2ceiao35hbj0zahefxyfyll%2F55f19f35-e412-9cf1-fa36-9bd217b9fd22-20220423_172122.jpg?Expires=1679544156034&KeyName=labelbox-assets-key-3&Signature=_GJ4vCnIWkn_ZtcezNB81JRNeSI,cl2hvw6880ait0z9iaysg7bkr
172,20220423_172127.jpg,21.0,309.0,1310.0,1748.0,https://storage.labelbox.com/cl2ceiao35hbj0zahefxyfyll%2F3e2683b8-ec61-9727-3b8b-f02554d1e4c3-20220423_172127.jpg?Expires=1679544156034&KeyName=labelbox-assets-key-3&Signature=Xc_XOOU0WkJhJxd47X05AJGK3A4,cl2hvwegv07ij107h4ny1gr45
173,20220423_172131.jpg,9.0,288.0,1315.0,1766.0,https://storage.labelbox.com/cl2ceiao35hbj0zahefxyfyll%2Fd5198006-a46f-e29b-2fd5-5f4ee109599b-20220423_172131.jpg?Expires=1679544156034&KeyName=labelbox-assets-key-3&Signature=eHpt7huwfJZvy6ZzFbT9IyqEXsc,cl2hvwne20ck20z65cvt9gjyo
174,20220423_172231.jpg,260.0,386.0,1198.0,1633.0,https://storage.labelbox.com/cl2ceiao35hbj0zahefxyfyll%2F9283ccee-e4d7-a947-e445-b82b68fdcaae-20220423_172231.jpg?Expires=1679544156034&KeyName=labelbox-assets-key-3&Signature=odcYF0Ko8VKHiJddbs-4LbOd3So,cl2hvwvxw0a0n0z838em48oft
175,20220423_172235.jpg,100.0,392.0,1274.0,1665.0,https://storage.labelbox.com/cl2ceiao35hbj0zahefxyfyll%2Fa022c2da-c3e7-3c7d-5906-1398d2bd22e3-20220423_172235.jpg?Expires=1679544156034&KeyName=labelbox-assets-key-3&Signature=acnmQUJnNTt2m5MkyGGJ0l7JiG8,cl2hvx3u007nd107h64biho7u
176,20220423_172239.jpg,58.0,364.0,1296.0,1694.0,https://storage.labelbox.com/cl2ceiao35hbj0zahefxyfyll%2F9ef9d622-e54c-a384-29a5-4a30e48af4be-20220423_172239.jpg?Expires=1679544156035&KeyName=labelbox-assets-key-3&Signature=-Zhg5wlbuWY7kYuTzj-9cLhuJSI,cl2hvxqgj0a450z8304rfe8au
177,20220423_172242.jpg,30.0,335.0,1312.0,1724.0,https://storage.labelbox.com/cl2ceiao35hbj0zahefxyfyll%2F9a6ff8ee-19c8-833f-f1e2-0d4d5563652a-20220423_172242.jpg?Expires=1679544156035&KeyName=labelbox-assets-key-3&Signature=qmaBd4hMm3xCN_eF_ucFgh_xylw,cl2hvy0dw0a1j0zard6uo47jm
178,20220423_172246.jpg,19.0,307.0,1317.0,1747.0,https://storage.labelbox.com/cl2ceiao35hbj0zahefxyfyll%2F69d3267e-b6d9-31f9-5cf8-963ef4132e70-20220423_172246.jpg?Expires=1679544156035&KeyName=labelbox-assets-key-3&Signature=2YYAyZIZG71IdebMpIyCYi___5M,cl2hvyahh0a7s0z83elgpcx57
179,20220423_172250.jpg,4.0,272.0,1323.0,1774.0,https://storage.labelbox.com/cl2ceiao35hbj0zahefxyfyll%2Fb95ae938-d4e8-0f5d-a2dd-d0d8d519db4d-20220423_172250.jpg?Expires=1679544156035&KeyName=labelbox-assets-key-3&Signature=eULe5A2tksLFHn3N1vTKuWDCfE0,cl2hvyiha0a490zar6b9r6szq
