External ID,ID,DataRow ID,Project Name,Created At,Updated At,Seconds to Label,Agreement,Benchmark Agreement,Benchmark ID,Dataset Name,Has Open Issues,Skipped,Label-top,Label-left,Label-height,Label-width
20220423_142100.jpg,cl2cez4r95jdf0zam6uu20850,cl2cerrz61mj50zrw7nawe0ma,SpeculumProjects,2022-04-23T22:10:01.000Z,2022-04-23T22:10:01.372Z,2.39,-1,-1,,SpeculumWithGlove,0,False,672,2470,65,361
20220423_142023.jpg,cl2cez4xr5ki20zagcvnuf7sk,cl2cerrz71mj90zrwfqq43dfp,SpeculumProjects,2022-04-23T22:10:24.000Z,2022-04-23T22:10:24.108Z,0.035,-1,-1,,SpeculumWithGlove,0,False,585,2470,257,261
20220423_142031.jpg,cl2cf020i5j8u0zdfhye4ehjg,cl2cerrz71mjd0zrw1hjxbmrs,SpeculumProjects,2022-04-23T22:10:44.000Z,2022-04-23T22:10:44.449Z,20.001,-1,-1,,SpeculumWithGlove,0,False,614,2470,190,287
20220423_142049.jpg,cl2cf0jjk5jak0zdf8j436nbt,cl2cerrz71mjh0zrwd0wf0ysx,SpeculumProjects,2022-04-23T22:11:33.000Z,2022-04-23T22:11:33.107Z,1.03,-1,-1,,SpeculumWithGlove,0,False,655,2464,120,252
20220423_142054.jpg,cl2cf0z834fgl0zbx37jcdzhz,cl2cerrz71mjl0zrw5yux6dxy,SpeculumProjects,2022-04-23T22:12:19.000Z,2022-04-23T22:12:19.413Z,3.64,-1,-1,,SpeculumWithGlove,0,False,670,2463,90,250
20220423_142108.jpg,cl2cf20t25htx0zcaayek9mqx,cl2cerrz71mjp0zrw7t640c29,SpeculumProjects,2022-04-23T22:12:48.000Z,2022-04-23T22:12:48.336Z,3.833,-1,-1,,SpeculumWithGlove,0,False,681,2468,44,140
20220423_143310.jpg,cl2cf31h15je20zahducjah7x,cl2cerrz71mjt0zrw86clahxh,SpeculumProjects,2022-04-23T22:13:22.000Z,2022-04-23T22:13:22.457Z,0.995,-1,-1,,SpeculumWithGlove,0,False,685,2435,277,243
20220423_143324.jpg,cl2cf3n8l5rr00zcchksf9e5l,cl2cerrz71mjx0zrw8g0ifbpw,SpeculumProjects,2022-04-23T22:15:48.000Z,2022-04-23T22:15:48.058Z,1.842,-1,-1,,SpeculumWithGlove,0,False,729,2433,210,221
20220423_143336.jpg,cl2cf4d565jiu0zah44lj2vxp,cl2cerrz71mk10zrw4kewavpz,SpeculumProjects,2022-04-23T22:16:25.000Z,2022-04-23T22:16:25.208Z,4.696,-1,-1,,SpeculumWithGlove,0,False,762,2433,146,192
20220423_143346.jpg,cl2cf7hif5k5j0zamazwpd21k,cl2cerrz71mk50zrw2b5u8t67,SpeculumProjects,2022-04-23T22:16:45.000Z,2022-04-23T22:16:45.245Z,4.493,-1,-1,,SpeculumWithGlove,0,False,774,2439,116,236
20220423_143355.jpg,cl2cf8a6x5jvm0zah3swugpw8,cl2cerrz71mk90zrw2siv8xyf,SpeculumProjects,2022-04-23T22:17:15.000Z,2022-04-23T22:17:15.023Z,3.907,-1,-1,,SpeculumWithGlove,0,False,792,2437,84,145
20220423_143401.jpg,cl2cf8pne5k4x0zdf12rw9tef,cl2cerrz71mkd0zrw1v5u3ryo,SpeculumProjects,2022-04-23T22:17:54.000Z,2022-04-23T22:17:54.211Z,1.25,-1,-1,,SpeculumWithGlove,0,False,796,2439,67,121
20220423_143756.jpg,cl2cf9clx5imo0zcab25j5o7b,cl2cerrz71mkh0zrw5026d6n8,SpeculumProjects,2022-04-23T22:19:04.000Z,2022-04-23T22:19:04.932Z,0.156,-1,-1,,SpeculumWithGlove,0,False,866,2432,227,222
20220423_143810.jpg,cl2cfa6ut5oux10cd6lj0bpya,cl2cerrz71mkl0zrwd1ug9lp2,SpeculumProjects,2022-04-23T22:21:14.000Z,2022-04-23T22:21:14.431Z,5.011,-1,-1,,SpeculumWithGlove,0,False,849,2460,197,169
20220423_143824.jpg,cl2ckxsye60720zamftz14dgz,cl2cerrz71mkt0zrwfepl18w7,SpeculumProjects,2022-04-24T00:57:04.000Z,2022-04-24T00:57:04.380Z,1.45,-1,-1,,SpeculumWithGlove,0,False,900,2400,82,166
20220423_143829.jpg,cl2ckxt4v5zv40zdf3esaag11,cl2cerrz71mkx0zrw6ezda10q,SpeculumProjects,2022-04-24T00:57:31.000Z,2022-04-24T00:57:31.201Z,2.764,-1,-1,,SpeculumWithGlove,0,False,912,2389,60,155
20220423_143815.jpg,cl2ckyvt85zjo0zahgmls6rhu,cl2cerrz71mkp0zrw1pud620h,SpeculumProjects,2022-04-24T00:58:24.000Z,2022-04-24T00:58:24.283Z,1.547,-1,-1,,SpeculumWithGlove,0,False,878,2432,134,160
20220423_143834.jpg,cl2ckzghy62040zag2ouj4k7m,cl2cerrz71ml10zrw3ilq58gi,SpeculumProjects,2022-04-24T00:58:51.000Z,2022-04-24T00:58:51.180Z,0.363,-1,-1,,SpeculumWithGlove,0,False,918,2386,56,136
20220423_145106.jpg,cl2cl0lha5xzk0zca1xkp78z7,cl2cerrz71ml50zrwekbq04m2,SpeculumProjects,2022-04-24T00:59:46.000Z,2022-04-24T00:59:46.876Z,4.234,-1,-1,,SpeculumWithGlove,0,False,752,2124,307,196
20220423_145116.jpg,cl2cl168e5y0n0zcadt5sehm6,cl2cerrz71ml90zrwc05kdw9w,SpeculumProjects,2022-04-24T01:00:26.000Z,2022-04-24T01:00:26.465Z,2.138,-1,-1,,SpeculumWithGlove,0,False,766,2044,292,263
20220423_145124.jpg,cl2cl2d6w5y290zcafu4v8p5b,cl2cerrz71mld0zrw7mbo7qeu,SpeculumProjects,2022-04-24T01:00:43.000Z,2022-04-24T01:00:43.945Z,1.215,-1,-1,,SpeculumWithGlove,0,False,770,2076,258,257
20220423_145129.jpg,cl2cl37qi623z0zaggaj12vyh,cl2cerrz71mlh0zrwakc77e9r,SpeculumProjects,2022-04-24T01:01:15.000Z,2022-04-24T01:01:15.463Z,4.922,-1,-1,,SpeculumWithGlove,0,False,784,2078,231,252
20220423_145134.jpg,cl2cl3l795zph0zahfb0pa9v6,cl2cerrz71mll0zrwd59v9l9a,SpeculumProjects,2022-04-24T01:02:04.000Z,2022-04-24T01:02:04.724Z,4.728,-1,-1,,SpeculumWithGlove,0,False,785,2076,224,158
20220423_145142.jpg,cl2cl49jt60e10zam3yorfawq,cl2cerrz71mlp0zrw37zf7obr,SpeculumProjects,2022-04-24T01:02:20.000Z,2022-04-24T01:02:21.007Z,1.923,-1,-1,,SpeculumWithGlove,0,False,790,2074,226,154
20220423_145904.jpg,cl2cl5buj64f010cdb5cy0288,cl2cerrz81mlt0zrw7ip9bsrv,SpeculumProjects,2022-04-24T01:03:03.000Z,2022-04-24T01:03:04.336Z,4.847,-1,-1,,SpeculumWithGlove,0,False,957,2221,302,32
20220423_145913.jpg,cl2cl5oh268040zcc9p666sp8,cl2cerrz81mlx0zrw2nxz1pbh,SpeculumProjects,2022-04-24T01:03:14.000Z,2022-04-24T01:03:14.914Z,3.575,-1,-1,,SpeculumWithGlove,0,False,968,2215,296,32
20220423_145917.jpg,cl2cl6luq64fp10cd5sapfsf7,cl2cerrz81mm10zrwgae4hsn8,SpeculumProjects,2022-04-24T01:03:23.000Z,2022-04-24T01:03:23.819Z,1.656,-1,-1,,SpeculumWithGlove,0,False,986,2198,281,41
20220423_145920.jpg,cl2cl6tpt628r0zageew1e4la,cl2cerrz81mm50zrw1wg22tv5,SpeculumProjects,2022-04-24T01:03:35.000Z,2022-04-24T01:03:36.423Z,2.492,-1,-1,,SpeculumWithGlove,0,False,989,2189,255,38
20220423_145924.jpg,cl2cl70kl5zs70zah9v4o07tq,cl2cerrz81mm90zrwa8qcd5ln,SpeculumProjects,2022-04-24T01:03:54.000Z,2022-04-24T01:03:54.394Z,0.485,-1,-1,,SpeculumWithGlove,0,False,1021,2195,188,20
20220423_145929.jpg,cl2cl7als60ge0zamgv5mgxyu,cl2cerrz81mmd0zrwbmko7lho,SpeculumProjects,2022-04-24T01:04:10.000Z,2022-04-24T01:04:10.205Z,2.755,-1,-1,,SpeculumWithGlove,0,False,1018,2180,188,18
20220423_150315.jpg,cl2cl7o6r681e0zccedl1dsz2,cl2cerrz81mmh0zrw99ehb5a8,SpeculumProjects,2022-04-24T01:04:23.000Z,2022-04-24T01:04:23.259Z,3.056,-1,-1,,SpeculumWithGlove,0,False,983,2204,188,26
20220423_150320.jpg,cl2cl80d7629r0zag5ph840d0,cl2cerrz81mml0zrwfbzldqtz,SpeculumProjects,2022-04-24T01:04:46.000Z,2022-04-24T01:04:46.647Z,4.81,-1,-1,,SpeculumWithGlove,0,False,999,2201,164,29
20220423_150324.jpg,cl2cl8af560ht0zamar7l9p3j,cl2cerrz81mmp0zrwdhke91bl,SpeculumProjects,2022-04-24T01:05:11.000Z,2022-04-24T01:05:11.763Z,0.264,-1,-1,,SpeculumWithGlove,0,False,953,2190,268,30
20220423_150330.jpg,cl2cl8si9681z0zcc72wze85l,cl2cerrz81mmt0zrw52ko35pa,SpeculumProjects,2022-04-24T01:05:32.000Z,2022-04-24T01:05:32.371Z,0.047,-1,-1,,SpeculumWithGlove,0,False,941,2191,258,26
20220423_150334.jpg,cl2cl9buz4wa90zbxfzgy1dcs,cl2cerrz81mmx0zrw9ams1vwp,SpeculumProjects,2022-04-24T01:05:47.000Z,2022-04-24T01:05:47.768Z,4.877,-1,-1,,SpeculumWithGlove,0,False,942,2197,271,10
20220423_150341.jpg,cl2cl9rru5zua0zah4sc27sbg,cl2cerrz81mn10zrwanus5w90,SpeculumProjects,2022-04-24T01:06:02.000Z,2022-04-24T01:06:02.975Z,1.654,-1,-1,,SpeculumWithGlove,0,False,938,2202,275,4
20220423_150744.jpg,cl2cla3ns682w0zcc2ioh86aq,cl2cerrz81mn50zrw9hct5n6m,SpeculumProjects,2022-04-24T01:07:14.000Z,2022-04-24T01:07:14.939Z,4.023,-1,-1,,SpeculumWithGlove,0,False,898,2300,292,215
20220423_150755.jpg,cl2clafdw60800zdffumld2sl,cl2cerrz81mn90zrw749k0jlz,SpeculumProjects,2022-04-24T01:07:59.000Z,2022-04-24T01:07:59.618Z,1.115,-1,-1,,SpeculumWithGlove,0,False,950,2213,181,284
20220423_150759.jpg,cl2clbyxf60kv0zamg2lx26yg,cl2cerrz81mnd0zrwexb7ayae,SpeculumProjects,2022-04-24T01:08:41.000Z,2022-04-24T01:08:41.107Z,3.156,-1,-1,,SpeculumWithGlove,0,False,979,2196,119,273
20220423_150803.jpg,cl2clcxj764mj10cdc01wc2af,cl2cerrz81mnh0zrwbb4cah2o,SpeculumProjects,2022-04-24T01:09:14.000Z,2022-04-24T01:09:14.610Z,4.042,-1,-1,,SpeculumWithGlove,0,False,992,2192,81,259
20220423_150808.jpg,cl2cldtem5zwq0zah59tj3qat,cl2cerrz81mnl0zrw4fjl3dj6,SpeculumProjects,2022-04-24T01:09:49.000Z,2022-04-24T01:09:49.099Z,3.096,-1,-1,,SpeculumWithGlove,0,False,1005,2191,56,239
20220423_150814.jpg,cl2clejbk68750zcc9cs64cf2,cl2cerrz81mnp0zrw6uim703y,SpeculumProjects,2022-04-24T01:10:53.000Z,2022-04-24T01:10:53.268Z,0.982,-1,-1,,SpeculumWithGlove,0,False,1009,2188,38,219
20220423_151207.jpg,cl2clf9v560ch0zdf4a8z3tty,cl2cerrz81mnt0zrw67yx9f38,SpeculumProjects,2022-04-24T01:12:19.000Z,2022-04-24T01:12:19.560Z,2.659,-1,-1,,SpeculumWithGlove,0,False,894,2264,265,265
20220423_151214.jpg,cl2clgndv5yfj0zcaaigk4dg2,cl2cerrz81mnx0zrw2nfcdfng,SpeculumProjects,2022-04-24T01:12:47.000Z,2022-04-24T01:12:47.585Z,25.001,-1,-1,,SpeculumWithGlove,0,False,951,2260,164,254
20220423_151219.jpg,cl2clkmoa4wjz0zbxd6ge2i1e,cl2cerrz81mo10zrw67by126y,SpeculumProjects,2022-04-24T01:14:13.000Z,2022-04-24T01:14:13.746Z,1.091,-1,-1,,SpeculumWithGlove,0,False,979,2258,105,230
20220423_151223.jpg,cl2clkmud60150zah249z78tq,cl2cerrz81mo50zrw0dkd8jmw,SpeculumProjects,2022-04-24T01:14:35.000Z,2022-04-24T01:14:35.206Z,2.744,-1,-1,,SpeculumWithGlove,0,False,995,2259,70,207
20220423_151228.jpg,cl2clky3a60t30zambxge5uum,cl2cerrz81mo90zrw0wl4d0qy,SpeculumProjects,2022-04-24T01:15:03.000Z,2022-04-24T01:15:04.466Z,2.029,-1,-1,,SpeculumWithGlove,0,False,1005,2256,47,190
20220423_151236.jpg,cl2cllenx5yjq0zcahk1jabvp,cl2cerrz81mod0zrw03g17br0,SpeculumProjects,2022-04-24T01:15:41.000Z,2022-04-24T01:15:41.851Z,1.107,-1,-1,,SpeculumWithGlove,0,False,1012,2260,32,167
20220423_152357.jpg,cl2clm18m4wl00zbx6di5a31i,cl2cerrz81moh0zrw1vcbhqms,SpeculumProjects,2022-04-24T01:16:28.000Z,2022-04-24T01:16:28.315Z,1.177,-1,-1,,SpeculumWithGlove,0,False,914,2260,234,312
20220423_152405.jpg,cl2clmu2m60hz0zdfa56tcl2g,cl2cerrz81mol0zrwh3sd9dhy,SpeculumProjects,2022-04-24T01:16:44.000Z,2022-04-24T01:16:44.839Z,2.799,-1,-1,,SpeculumWithGlove,0,False,954,2267,123,306
20220423_152410.jpg,cl2clntwv60ux0zamdotq8kn4,cl2cerrz81mop0zrw2b8u4n29,SpeculumProjects,2022-04-24T01:17:07.000Z,2022-04-24T01:17:07.959Z,4.585,-1,-1,,SpeculumWithGlove,0,False,980,2266,68,291
20220423_152427.jpg,cl2clo6on60iu0zdf83qcccg9,cl2cerrz81mot0zrw8ucc5nz5,SpeculumProjects,2022-04-24T01:17:34.000Z,2022-04-24T01:17:34.701Z,3.216,-1,-1,,SpeculumWithGlove,0,False,995,2267,34,270
20220423_152432.jpg,cl2clopwm64v110cd7ogw464w,cl2cerrz81mox0zrwgeepeqon,SpeculumProjects,2022-04-24T01:18:03.000Z,2022-04-24T01:18:03.456Z,0.201,-1,-1,,SpeculumWithGlove,0,False,1003,2268,16,253
20220423_152437.jpg,cl2clp94x4wnr0zbxfnwuhj3s,cl2cerrz81mp10zrw50l71n47,SpeculumProjects,2022-04-24T01:18:28.000Z,2022-04-24T01:18:28.999Z,2.492,-1,-1,,SpeculumWithGlove,0,False,1007,2266,3,237
20220423_153138.jpg,cl2clpvas60xa0zam3ufmf86n,cl2cerrz91mp50zrwbwuwa064,SpeculumProjects,2022-04-24T01:19:16.000Z,2022-04-24T01:19:16.815Z,1.98,-1,-1,,SpeculumWithGlove,0,False,863,2334,344,150
20220423_153149.jpg,cl2clqf1u68gc0zccecbu003w,cl2cerrz91mp90zrw7bipg4oi,SpeculumProjects,2022-04-24T01:19:54.000Z,2022-04-24T01:19:54.114Z,1.111,-1,-1,,SpeculumWithGlove,0,False,944,2263,188,205
20220423_153153.jpg,cl2clrfwm62q30zagawj57p3j,cl2cerrz91mpd0zrw41xua45l,SpeculumProjects,2022-04-24T01:20:20.000Z,2022-04-24T01:20:20.571Z,3.604,-1,-1,,SpeculumWithGlove,0,False,978,2261,126,178
20220423_153207.jpg,cl2cls8py4wrl0zbx3q4l0xn9,cl2cerrz91mph0zrw8prufc82,SpeculumProjects,2022-04-24T01:20:49.000Z,2022-04-24T01:20:49.550Z,2.326,-1,-1,,SpeculumWithGlove,0,False,1040,2261,40,182
20220423_153212.jpg,cl2clst4u62rj0zagbpyk2ao1,cl2cerrz91mpl0zrwgb49866h,SpeculumProjects,2022-04-24T01:21:22.000Z,2022-04-24T01:21:22.190Z,4.842,-1,-1,,SpeculumWithGlove,0,False,1047,2262,20,163
20220423_153218.jpg,cl2cltfha610y0zam07zf0cap,cl2cerrz91mpp0zrw1f45eil3,SpeculumProjects,2022-04-24T01:22:07.000Z,2022-04-24T01:22:07.634Z,3.231,-1,-1,,SpeculumWithGlove,0,False,1053,2258,5,149
20220423_153412.jpg,cl2clu4na4wsp0zbxe42nf406,cl2cerrz91mpt0zrw97n59yni,SpeculumProjects,2022-04-24T01:22:56.000Z,2022-04-24T01:22:56.195Z,4.527,-1,-1,,SpeculumWithGlove,0,False,922,2260,274,245
20220423_153417.jpg,cl2clv3rk62tm0zag2c0gagx1,cl2cerrz91mpx0zrw1xg2de21,SpeculumProjects,2022-04-24T01:23:16.000Z,2022-04-24T01:23:16.077Z,0.527,-1,-1,,SpeculumWithGlove,0,False,961,2262,208,224
20220423_153422.jpg,cl2clw57060qf0zdfe6j06br0,cl2cerrz91mq10zrwbkwcca4a,SpeculumProjects,2022-04-24T01:23:31.000Z,2022-04-24T01:23:31.934Z,1.892,-1,-1,,SpeculumWithGlove,0,False,989,2261,155,196
20220423_153426.jpg,cl2clwkkf68kr0zccb409dv22,cl2cerrz91mq50zrwg4iq6tbl,SpeculumProjects,2022-04-24T01:24:19.000Z,2022-04-24T01:24:19.129Z,3.941,-1,-1,,SpeculumWithGlove,0,False,1004,2262,122,172
20220423_153430.jpg,cl2clwwqw60ag0zahb9ft1455,cl2cerrz91mq90zrwgme28rx9,SpeculumProjects,2022-04-24T01:24:33.000Z,2022-04-24T01:24:33.407Z,0.611,-1,-1,,SpeculumWithGlove,0,False,1014,2259,96,151
20220423_153434.jpg,cl2clxx6y4wvy0zbxeyeb0u37,cl2cerrz91mqd0zrwf7scbmfu,SpeculumProjects,2022-04-24T01:24:54.000Z,2022-04-24T01:24:54.693Z,0.767,-1,-1,,SpeculumWithGlove,0,False,1026,2255,76,131
20220423_153847.jpg,cl2cly87u4ww80zbxbbpu0iet,cl2cerrz91mqh0zrw9dwqgx9e,SpeculumProjects,2022-04-24T01:25:35.000Z,2022-04-24T01:25:36.026Z,1.606,-1,-1,,SpeculumWithGlove,0,False,952,2268,154,317
20220423_153857.jpg,cl2clyom04wwi0zbx95n98l2b,cl2cerrz91mql0zrw3qyiaxm7,SpeculumProjects,2022-04-24T01:25:52.000Z,2022-04-24T01:25:53.796Z,0.868,-1,-1,,SpeculumWithGlove,0,False,1002,2266,65,306
20220423_153901.jpg,cl2clzkil62w90zag1a990iku,cl2cerrz91mqp0zrw5l1x9xlw,SpeculumProjects,2022-04-24T01:26:09.000Z,2022-04-24T01:26:09.979Z,1.465,-1,-1,,SpeculumWithGlove,0,False,1027,2261,28,281
20220423_153904.jpg,cl2clzy8p68ns0zcchenx4hb1,cl2cerrz91mqt0zrwgstzgjkg,SpeculumProjects,2022-04-24T01:26:31.000Z,2022-04-24T01:26:31.772Z,2.563,-1,-1,,SpeculumWithGlove,0,False,1036,2268,6,257
20220423_153908.jpg,cl2cm0apr68nv0zccb29le6cq,cl2cerrz91mqx0zrwcwnj309s,SpeculumProjects,2022-04-24T01:27:19.000Z,2022-04-24T01:27:19.679Z,0.645,-1,-1,,SpeculumWithGlove,0,False,1042,2271,1,239
20220423_153912.jpg,cl2cm0rj84wxt0zbx34h56i8q,cl2cerrz91mr10zrw733e5e54,SpeculumProjects,2022-04-24T01:27:50.000Z,2022-04-24T01:27:50.653Z,3.895,-1,-1,,SpeculumWithGlove,0,False,1041,2268,0,224
20220423_154155.jpg,cl2cm1shv60fz0zah7e8t60rq,cl2cerrz91mr50zrw5otmcc4i,SpeculumProjects,2022-04-24T01:28:19.000Z,2022-04-24T01:28:19.875Z,2.879,-1,-1,,SpeculumWithGlove,0,False,861,2272,280,240
20220423_154200.jpg,cl2cm2geb4wz20zbx65sl11sv,cl2cerrz91mr90zrwdeanbrd8,SpeculumProjects,2022-04-24T01:28:38.000Z,2022-04-24T01:28:38.087Z,2.892,-1,-1,,SpeculumWithGlove,0,False,889,2265,233,233
20220423_154203.jpg,cl2cm32x9656y10cdgjdnhswr,cl2cerrz91mrd0zrw3f2s4wd0,SpeculumProjects,2022-04-24T01:28:51.000Z,2022-04-24T01:28:51.321Z,0.222,-1,-1,,SpeculumWithGlove,0,False,923,2268,175,202
20220423_154207.jpg,cl2cm3h0g5yyv0zca6wlzc9l1,cl2cerrz91mrh0zrw70zah4lq,SpeculumProjects,2022-04-24T01:29:11.000Z,2022-04-24T01:29:11.830Z,0.243,-1,-1,,SpeculumWithGlove,0,False,942,2269,134,177
20220423_154211.jpg,cl2cm3r6n5yyz0zcabt6tbytp,cl2cerrz91mrl0zrw5pn56ne0,SpeculumProjects,2022-04-24T01:29:32.000Z,2022-04-24T01:29:32.417Z,0.962,-1,-1,,SpeculumWithGlove,0,False,954,2264,108,159
20220423_154215.jpg,cl2cm471s61a10zamdjb67lh0,cl2cerrz91mrp0zrw7kfe5768,SpeculumProjects,2022-04-24T01:29:53.000Z,2022-04-24T01:29:53.701Z,0.333,-1,-1,,SpeculumWithGlove,0,False,962,2268,85,139
20220423_154440.jpg,cl2cm4mwm658j10cdbscggdyu,cl2cerrz91mrt0zrw2fg80cc6,SpeculumProjects,2022-04-24T01:30:09.000Z,2022-04-24T01:30:09.373Z,4.21,-1,-1,,SpeculumWithGlove,0,False,851,2261,270,246
20220423_154448.jpg,cl2cm53d260jg0zahhpel4jw4,cl2cerrz91mrx0zrw1vjz3kxp,SpeculumProjects,2022-04-24T01:30:38.000Z,2022-04-24T01:30:38.895Z,0.559,-1,-1,,SpeculumWithGlove,0,False,865,2264,226,222
20220423_154453.jpg,cl2cm5fff659i10cd9wwq3575,cl2cerrz91ms10zrw663oa7vn,SpeculumProjects,2022-04-24T01:30:59.000Z,2022-04-24T01:30:59.797Z,4.784,-1,-1,,SpeculumWithGlove,0,False,895,2267,171,195
20220423_154458.jpg,cl2cm62925z0i0zcah60l8j7m,cl2cerrz91ms50zrw8ukoh2eh,SpeculumProjects,2022-04-24T01:31:20.000Z,2022-04-24T01:31:20.108Z,1.439,-1,-1,,SpeculumWithGlove,0,False,914,2266,134,170
20220423_154502.jpg,cl2cm6iip5z0q0zcage1j7fd6,cl2cerrz91ms90zrw5q4ucetd,SpeculumProjects,2022-04-24T01:31:41.000Z,2022-04-24T01:31:41.868Z,3.411,-1,-1,,SpeculumWithGlove,0,False,930,2264,106,147
20220423_154506.jpg,cl2cm6y0v68u10zccduhc0bo3,cl2cerrz91msd0zrwhsq61u99,SpeculumProjects,2022-04-24T01:32:25.000Z,2022-04-24T01:32:25.592Z,2.491,-1,-1,,SpeculumWithGlove,0,False,939,2265,89,129
20220423_154928.jpg,cl2cm7esj5z1m0zcaaj1aeul1,cl2cerrz91msh0zrw06fr8dzu,SpeculumProjects,2022-04-24T01:32:48.000Z,2022-04-24T01:32:48.441Z,4.203,-1,-1,,SpeculumWithGlove,0,False,863,2274,262,280
20220423_154934.jpg,cl2cm8ckq60y10zdfhpbb4q7o,cl2cerrza1msl0zrwf3ux6gs7,SpeculumProjects,2022-04-24T01:33:07.000Z,2022-04-24T01:33:07.937Z,1.197,-1,-1,,SpeculumWithGlove,0,False,930,2264,146,280
20220423_154939.jpg,cl2cm8u654x390zbx7a818yqq,cl2cerrza1msp0zrw77lc21qx,SpeculumProjects,2022-04-24T01:34:32.000Z,2022-04-24T01:34:32.418Z,3.721,-1,-1,,SpeculumWithGlove,0,False,961,2264,82,251
20220423_154944.jpg,cl2cm998q61di0zamh6jlg1ci,cl2cerrza1mst0zrw4l1o87nx,SpeculumProjects,2022-04-24T01:35:06.000Z,2022-04-24T01:35:06.459Z,4.796,-1,-1,,SpeculumWithGlove,0,False,978,2266,52,229
20220423_154948.jpg,cl2cmb2de5z3g0zcafm0xgu2a,cl2cerrza1msx0zrw6z073iz7,SpeculumProjects,2022-04-24T01:36:31.000Z,2022-04-24T01:36:31.563Z,34.825,-1,-1,,SpeculumWithGlove,0,False,993,2265,28,213
20220423_154953.jpg,cl2cmbsoz68y60zccg92z1fs6,cl2cerrza1mt10zrw3ewr1fu3,SpeculumProjects,2022-04-24T01:37:16.000Z,2022-04-24T01:37:16.642Z,15.001999999999999,-1,-1,,SpeculumWithGlove,0,False,1001,2263,11,199
20220423_161139.jpg,cl2huohik01q4108tchjeez7l,cl2hu2aa7007b0zx4h422e3kh,SpeculumProjects,2022-04-27T17:29:10.000Z,2022-04-27T17:29:10.147Z,4.472,-1,-1,,SpeculumWithCondom,0,False,2166,1332,337,8
20220423_161115.jpg,cl2huohps01lf10a3c47468g0,cl2hu2aa7007f0zx41rs8hw0m,SpeculumProjects,2022-04-27T17:29:59.000Z,2022-04-27T17:30:00.001Z,4.947,-1,-1,,SpeculumWithCondom,0,False,2265,1213,242,250
20220423_161124.jpg,cl2huqa7t01ui0z8g69nw204n,cl2hu2aa7007j0zx43i9h7rrn,SpeculumProjects,2022-04-27T17:30:30.000Z,2022-04-27T17:30:30.344Z,4.497,-1,-1,,SpeculumWithCondom,0,False,2157,1263,324,88
20220423_161129.jpg,cl2hurco4020r0z8gfh3y5lvd,cl2hu2aa7007n0zx49g3d4qr4,SpeculumProjects,2022-04-27T17:31:10.000Z,2022-04-27T17:31:10.211Z,0.196,-1,-1,,SpeculumWithCondom,0,False,2158,1284,294,52
20220423_161133.jpg,cl2hus046023f10a33jf062sq,cl2hu2aa7007r0zx4cn7kb55v,SpeculumProjects,2022-04-27T17:31:35.000Z,2022-04-27T17:31:35.753Z,2.135,-1,-1,,SpeculumWithCondom,0,False,2163,1319,270,25
20220423_161143.jpg,cl2husuu1024r0zarf7ya72du,cl2hu2aa7007v0zx48fj424gd,SpeculumProjects,2022-04-27T17:33:13.000Z,2022-04-27T17:33:13.206Z,4.74,-1,-1,,SpeculumWithCondom,0,False,1686,927,184,2
20220423_161757.jpg,cl2hutejb02k10z9idi8ccese,cl2hu2aa7007z0zx47wk4396a,SpeculumProjects,2022-04-27T17:33:58.000Z,2022-04-27T17:33:58.282Z,4.489,-1,-1,,SpeculumWithCondom,0,False,1567,768,270,247
20220423_161802.jpg,cl2huvhqu02kq0z8gdlymfrye,cl2hu2aa800830zx418pb1o8p,SpeculumProjects,2022-04-27T17:34:18.000Z,2022-04-27T17:34:18.287Z,0.743,-1,-1,,SpeculumWithCondom,0,False,1508,834,366,99
20220423_161807.jpg,cl2huwgi100oh107h4ju39gzt,cl2hu2aa800870zx43i0h2xuv,SpeculumProjects,2022-04-27T17:34:34.000Z,2022-04-27T17:34:34.476Z,1.766,-1,-1,,SpeculumWithCondom,0,False,1542,873,335,43
20220423_161811.jpg,cl2huww0900qo107hd3w0e7wx,cl2hu2aa8008b0zx4hmm88pe5,SpeculumProjects,2022-04-27T17:34:56.000Z,2022-04-27T17:34:56.650Z,1.14,-1,-1,,SpeculumWithCondom,0,False,1562,886,314,21
20220423_161816.jpg,cl2hux8h602to0z8gbpwe98yh,cl2hu2aa8008f0zx4gnk0bchm,SpeculumProjects,2022-04-27T17:35:28.000Z,2022-04-27T17:35:28.203Z,2.3,-1,-1,,SpeculumWithCondom,0,False,1579,894,291,7
20220423_161824.jpg,cl2huxpl703700z9i11vfcu08,cl2hu2aa8008j0zx41wip6owj,SpeculumProjects,2022-04-27T17:35:55.000Z,2022-04-27T17:35:55.843Z,4.322,-1,-1,,SpeculumWithCondom,0,False,1597,902,274,1
20220423_162703.jpg,cl2huydwp03140z8g8gnb1l47,cl2hu2aa8008n0zx4cmskacmr,SpeculumProjects,2022-04-27T17:36:30.000Z,2022-04-27T17:36:30.451Z,2.903,-1,-1,,SpeculumWithCondom,0,False,1538,768,321,258
20220423_162710.jpg,cl2huyzco037910a3ezcb1oar,cl2hu2aa8008r0zx43w9kgu5q,SpeculumProjects,2022-04-27T17:36:43.000Z,2022-04-27T17:36:43.673Z,3.367,-1,-1,,SpeculumWithCondom,0,False,1558,848,311,109
20220423_162715.jpg,cl2huzpxm01au107h1d3gdmbu,cl2hu2aa8008v0zx44jhf8c2g,SpeculumProjects,2022-04-27T17:37:07.000Z,2022-04-27T17:37:08.004Z,0.318,-1,-1,,SpeculumWithCondom,0,False,1587,868,288,33
20220423_162720.jpg,cl2hv003b03mo108tgh1qgi6g,cl2hu2aa8008z0zx4ex6f0cz2,SpeculumProjects,2022-04-27T17:37:43.000Z,2022-04-27T17:37:43.921Z,1.545,-1,-1,,SpeculumWithCondom,0,False,1616,847,261,6
20220423_162726.jpg,cl2hv0iwh03kx0z8gf2rn8qh2,cl2hu2aa800930zx4e59katwe,SpeculumProjects,2022-04-27T17:38:00.000Z,2022-04-27T17:38:00.773Z,0.713,-1,-1,,SpeculumWithCondom,0,False,1644,818,235,3
20220423_162734.jpg,cl2hv1alu03ot10a3h9s95y27,cl2hu2aa800970zx44r7pan0p,SpeculumProjects,2022-04-27T17:38:16.000Z,2022-04-27T17:38:16.826Z,1.025,-1,-1,,SpeculumWithCondom,0,False,1671,820,210,3
20220423_164014.jpg,cl2hv1nml06f20z654g7ofekn,cl2hu2aa8009b0zx4fqma52ge,SpeculumProjects,2022-04-27T17:38:43.000Z,2022-04-27T17:38:43.143Z,2.623,-1,-1,,SpeculumWithCondom,0,False,1505,1120,319,238
20220423_164023.jpg,cl2hv202501tf107hchike8ww,cl2hu2aa8009f0zx43yi24hzj,SpeculumProjects,2022-04-27T17:39:11.000Z,2022-04-27T17:39:11.073Z,2.374,-1,-1,,SpeculumWithCondom,0,False,1538,1219,339,74
20220423_164028.jpg,cl2hv2kaj03xj10a36k6jat22,cl2hu2aa8009j0zx4hzv38xze,SpeculumProjects,2022-04-27T17:39:33.000Z,2022-04-27T17:39:33.777Z,4.632,-1,-1,,SpeculumWithCondom,0,False,1574,1256,303,26
20220423_164033.jpg,cl2hv35ui04gb0z9i0gvlb4el,cl2hu2aa8009n0zx46m3p9i3m,SpeculumProjects,2022-04-27T17:40:28.000Z,2022-04-27T17:40:28.753Z,2.221,-1,-1,,SpeculumWithCondom,0,False,1567,1268,304,5
20220423_164038.jpg,cl2hv3nde04790z83gy1h3l61,cl2hu2aa8009r0zx4c1nogirr,SpeculumProjects,2022-04-27T17:40:56.000Z,2022-04-27T17:40:56.325Z,0.759,-1,-1,,SpeculumWithCondom,0,False,1574,1272,299,2
20220423_164044.jpg,cl2hv4tsx04fb10a34evq2f99,cl2hu2aa8009v0zx42yxs7n89,SpeculumProjects,2022-04-27T17:41:12.000Z,2022-04-27T17:41:12.401Z,1.521,-1,-1,,SpeculumWithCondom,0,False,1583,1272,288,3
20220423_164432.jpg,cl2hv5f1v04w00z9i3csuc1oi,cl2hu2aa8009z0zx4ez9q9l70,SpeculumProjects,2022-04-27T17:41:54.000Z,2022-04-27T17:41:54.252Z,4.338,-1,-1,,SpeculumWithCondom,0,False,1542,1132,309,228
20220423_164442.jpg,cl2hv5rgi04t4108tbohkem2i,cl2hu2aa800a30zx47tpz8zvp,SpeculumProjects,2022-04-27T17:42:08.000Z,2022-04-27T17:42:08.969Z,1.744,-1,-1,,SpeculumWithCondom,0,False,1576,1227,306,56
20220423_164446.jpg,cl2hv6nsg04q30zargj5gd605,cl2hu2aa800a70zx4gqxz5cdk,SpeculumProjects,2022-04-27T17:42:27.000Z,2022-04-27T17:42:27.675Z,2.1870000000000003,-1,-1,,SpeculumWithCondom,0,False,1600,1242,281,14
20220423_164450.jpg,cl2hv6z4f04x50z83fyyg7pao,cl2hu2aa800ab0zx42cr7b1fe,SpeculumProjects,2022-04-27T17:42:50.000Z,2022-04-27T17:42:50.249Z,4.926,-1,-1,,SpeculumWithCondom,0,False,1619,1240,262,7
20220423_164455.jpg,cl2hv7dmi05a10z9i88pfdoka,cl2hu2aa800af0zx44owx95v2,SpeculumProjects,2022-04-27T17:43:37.000Z,2022-04-27T17:43:37.978Z,4.819,-1,-1,,SpeculumWithCondom,0,False,1628,1246,247,1
20220423_164500.jpg,cl2hv7uyp050s0zarb4pjeeek,cl2hu2aa900aj0zx4hvv8elx3,SpeculumProjects,2022-04-27T17:43:53.000Z,2022-04-27T17:43:53.151Z,0.801,-1,-1,,SpeculumWithCondom,0,False,1590,1244,294,1
20220423_164749.jpg,cl2hv8vur057k0zar8uwa6np9,cl2hu2aa900an0zx42s1u8nua,SpeculumProjects,2022-04-27T17:44:34.000Z,2022-04-27T17:44:34.271Z,40.0,-1,-1,,SpeculumWithCondom,0,False,1522,1159,311,235
20220423_164754.jpg,cl2hvar5305u9108tf35k3rwb,cl2hu2aa900ar0zx4c9qubsjv,SpeculumProjects,2022-04-27T17:45:24.000Z,2022-04-27T17:45:24.222Z,4.687,-1,-1,,SpeculumWithCondom,0,False,1548,1254,333,59
20220423_164759.jpg,cl2hvarbw08870z6594hc1ifr,cl2hu2aa900av0zx404zb7a3s,SpeculumProjects,2022-04-27T17:45:44.000Z,2022-04-27T17:45:44.272Z,4.104,-1,-1,,SpeculumWithCondom,0,False,1579,1273,291,3
20220423_164803.jpg,cl2hvb5ss05vy0z8g328fdmmp,cl2hu2aa900az0zx4c63u08a4,SpeculumProjects,2022-04-27T17:46:08.000Z,2022-04-27T17:46:08.773Z,3.491,-1,-1,,SpeculumWithCondom,0,False,1597,1277,276,1
20220423_164808.jpg,cl2hvbl9n05yn0z8g0rszb8do,cl2hu2aa900b30zx4hd8deiv1,SpeculumProjects,2022-04-27T17:46:27.000Z,2022-04-27T17:46:27.599Z,1.681,-1,-1,,SpeculumWithCondom,0,False,1617,1275,258,1
20220423_164812.jpg,cl2hvc46j05va10a3ddd5ccck,cl2hu2aa900b70zx49juqezd3,SpeculumProjects,2022-04-27T17:46:39.000Z,2022-04-27T17:46:39.627Z,0.274,-1,-1,,SpeculumWithCondom,0,False,1633,1276,233,1
20220423_165244.jpg,cl2hvciob03sh107h8uw3f3hf,cl2hu2aa900bb0zx4fjvx47ha,SpeculumProjects,2022-04-27T17:47:10.000Z,2022-04-27T17:47:10.209Z,3.045,-1,-1,,SpeculumWithCondom,0,False,1480,1181,267,248
20220423_165251.jpg,cl2hvcrz708mc0z65g8275lk5,cl2hu2aa900bf0zx423qsh793,SpeculumProjects,2022-04-27T17:47:38.000Z,2022-04-27T17:47:38.581Z,1.649,-1,-1,,SpeculumWithCondom,0,False,1509,1256,298,96
20220423_165255.jpg,cl2hvdfyi061b0zar999l03el,cl2hu2aa900bj0zx41hn46s5q,SpeculumProjects,2022-04-27T17:48:05.000Z,2022-04-27T17:48:05.616Z,1.62,-1,-1,,SpeculumWithCondom,0,False,1540,1278,265,53
20220423_165259.jpg,cl2hve1h308v60z65fb1k6xrh,cl2hu2aa900bn0zx4gbloaae0,SpeculumProjects,2022-04-27T17:48:17.000Z,2022-04-27T17:48:17.553Z,4.6,-1,-1,,SpeculumWithCondom,0,False,1563,1284,238,32
20220423_165304.jpg,cl2hvemba06t10z9iaxvg1v64,cl2hu2aa900br0zx44cfe6dz3,SpeculumProjects,2022-04-27T17:48:32.000Z,2022-04-27T17:48:32.547Z,2.925,-1,-1,,SpeculumWithCondom,0,False,1593,1295,206,12
20220423_165310.jpg,cl2hvevjl06vf0z9ighgff2hr,cl2hu2aa900bv0zx45giz9nrt,SpeculumProjects,2022-04-27T17:48:45.000Z,2022-04-27T17:48:45.924Z,3.068,-1,-1,,SpeculumWithCondom,0,False,1615,1299,184,5
20220423_165610.jpg,cl2hvf73b06qb108t0s0ogxqg,cl2hu2aa900bz0zx4glfn13pw,SpeculumProjects,2022-04-27T17:49:19.000Z,2022-04-27T17:49:19.495Z,0.471,-1,-1,,SpeculumWithCondom,0,False,1529,1240,343,264
20220423_165616.jpg,cl2hvfhex06f10zar0s5qd0rh,cl2hu2aa900c30zx4f3goc3sf,SpeculumProjects,2022-04-27T17:49:35.000Z,2022-04-27T17:49:35.373Z,0.46,-1,-1,,SpeculumWithCondom,0,False,1550,1341,362,76
20220423_165621.jpg,cl2hvg7de06x9108td7kx33q9,cl2hu2aa900c70zx4aufifsar,SpeculumProjects,2022-04-27T17:49:46.000Z,2022-04-27T17:49:46.107Z,0.974,-1,-1,,SpeculumWithCondom,0,False,1589,1376,319,18
20220423_165625.jpg,cl2hvgjjo078h0z9ihkr18piu,cl2hu2aa900cb0zx47hja2kjr,SpeculumProjects,2022-04-27T17:49:57.000Z,2022-04-27T17:49:57.429Z,1.513,-1,-1,,SpeculumWithCondom,0,False,1616,1383,292,1
20220423_165629.jpg,cl2hvgruf06sy0z831xiqfgw3,cl2hu2aa900cf0zx42wgx31x2,SpeculumProjects,2022-04-27T17:50:09.000Z,2022-04-27T17:50:09.275Z,1.203,-1,-1,,SpeculumWithCondom,0,False,1638,1389,267,1
20220423_165633.jpg,cl2hvh0lw06u90z831y1v3qvx,cl2hu2aa900cj0zx4ahnq3b18,SpeculumProjects,2022-04-27T17:50:20.000Z,2022-04-27T17:50:20.785Z,0.606,-1,-1,,SpeculumWithCondom,0,False,1661,1389,247,1
20220423_170129.jpg,cl2hvh9s306y110a318kvcf40,cl2hu2aa900cn0zx4cbsz31z3,SpeculumProjects,2022-04-27T17:50:41.000Z,2022-04-27T17:50:41.699Z,2.059,-1,-1,,SpeculumWithCondom,0,False,1646,1150,361,253
20220423_170139.jpg,cl2hvhild07690z8ghe2yepia,cl2hu2aa900cr0zx45te840go,SpeculumProjects,2022-04-27T17:50:54.000Z,2022-04-27T17:50:54.095Z,3.319,-1,-1,,SpeculumWithCondom,0,False,1673,1241,373,70
20220423_170144.jpg,cl2hvhyr407id0z9iblmha9op,cl2hu2aa900cv0zx463vt2x03,SpeculumProjects,2022-04-27T17:51:07.000Z,2022-04-27T17:51:07.725Z,4.145,-1,-1,,SpeculumWithCondom,0,False,1705,1261,342,31
20220423_170149.jpg,cl2hvi8b807jo0z9i2s9n4tf5,cl2hu2aaa00cz0zx45t2u98h0,SpeculumProjects,2022-04-27T17:53:21.000Z,2022-04-27T17:53:21.340Z,4.228,-1,-1,,SpeculumWithCondom,0,False,1728,1275,317,6
20220423_170154.jpg,cl2hviitx07mn0z9ibzc804gt,cl2hu2aaa00d30zx49rn04mz5,SpeculumProjects,2022-04-27T17:53:35.000Z,2022-04-27T17:53:35.916Z,0.256,-1,-1,,SpeculumWithCondom,0,False,1755,1273,297,1
20220423_170209.jpg,cl2hvldxh07r910a34hpx1ggf,cl2hu2aab00d70zx46ozc5bll,SpeculumProjects,2022-04-27T17:53:46.000Z,2022-04-27T17:53:46.830Z,2.467,-1,-1,,SpeculumWithCondom,0,False,1779,1274,267,1
20220423_170506.jpg,cl2hvlp5t08720z9i5l9z0tnf,cl2hu2aab00db0zx4fxej3chz,SpeculumProjects,2022-04-27T17:54:14.000Z,2022-04-27T17:54:14.691Z,3.486,-1,-1,,SpeculumWithCondom,0,False,1666,1192,345,236
20220423_170511.jpg,cl2hvlxmp0adh0z65hlu8h9yb,cl2hu2aab00df0zx4ctf16p3v,SpeculumProjects,2022-04-27T17:54:28.000Z,2022-04-27T17:54:28.525Z,1.128,-1,-1,,SpeculumWithCondom,0,False,1690,1263,355,90
20220423_170516.jpg,cl2hvmj3l08js0z9ihrcz159f,cl2hu2aab00dj0zx4325t7mdz,SpeculumProjects,2022-04-27T17:54:49.000Z,2022-04-27T17:54:49.945Z,4.685,-1,-1,,SpeculumWithCondom,0,False,1725,1285,336,38
20220423_170520.jpg,cl2hvmtqv082c0zaraluw5ud9,cl2hu2aab00dn0zx40ev8gcge,SpeculumProjects,2022-04-27T17:54:59.000Z,2022-04-27T17:54:59.947Z,1.239,-1,-1,,SpeculumWithCondom,0,False,1747,1292,301,22
20220423_170525.jpg,cl2hvnaar0als0z651qp70sbv,cl2hu2aab00dr0zx48bj2byo5,SpeculumProjects,2022-04-27T17:55:16.000Z,2022-04-27T17:55:16.738Z,4.867,-1,-1,,SpeculumWithCondom,0,False,1771,1300,270,4
20220423_170530.jpg,cl2hvni0c0any0z65e50k3lm3,cl2hu2aab00dv0zx48xnlhtlp,SpeculumProjects,2022-04-27T17:55:36.000Z,2022-04-27T17:55:36.940Z,1.316,-1,-1,,SpeculumWithCondom,0,False,1788,1304,257,1
20220423_170850.jpg,cl2hvnv0g08ur0z9i8xj772s2,cl2hu2aab00dz0zx42xqh30g2,SpeculumProjects,2022-04-27T17:55:48.000Z,2022-04-27T17:55:48.596Z,1.994,-1,-1,,SpeculumWithCondom,0,False,1662,1299,355,240
20220423_170858.jpg,cl2hvoaky061a107h78au0gf8,cl2hu2aab00e30zx42rg0aiyv,SpeculumProjects,2022-04-27T17:56:01.000Z,2022-04-27T17:56:01.057Z,3.244,-1,-1,,SpeculumWithCondom,0,False,1694,1367,359,104
20220423_170903.jpg,cl2hvojjo08po108t4rlaf6ko,cl2hu2aac00e70zx4689w7gsa,SpeculumProjects,2022-04-27T17:56:14.000Z,2022-04-27T17:56:14.635Z,1.006,-1,-1,,SpeculumWithCondom,0,False,1721,1387,333,54
20220423_170906.jpg,cl2hvot5s08ev0zar9xczh9tv,cl2hu2aac00eb0zx410exhwp1,SpeculumProjects,2022-04-27T17:56:25.000Z,2022-04-27T17:56:25.954Z,1.558,-1,-1,,SpeculumWithCondom,0,False,1745,1398,311,29
20220423_170911.jpg,cl2hvp3mn093o0z9iahp95cet,cl2hu2aac00ef0zx4a3ckbf3r,SpeculumProjects,2022-04-27T17:56:37.000Z,2022-04-27T17:56:37.843Z,0.078,-1,-1,,SpeculumWithCondom,0,False,1767,1411,287,8
20220423_170916.jpg,cl2hvpcd3095v0z9igcqr1yxt,cl2hu2aac00ej0zx49wqv3tq8,SpeculumProjects,2022-04-27T17:57:10.000Z,2022-04-27T17:57:10.356Z,0.423,-1,-1,,SpeculumWithCondom,0,False,1786,1414,271,1
20220423_171223.jpg,cl2hvplix0b3k0z65elmc8p8b,cl2hu2aac00en0zx4fofwbyit,SpeculumProjects,2022-04-27T17:57:26.000Z,2022-04-27T17:57:26.120Z,2.16,-1,-1,,SpeculumWithCondom,0,False,1682,1288,326,256
20220423_171227.jpg,cl2hvqan008mz0z8g8z3cfk6l,cl2hu2aac00er0zx4hnuo39f8,SpeculumProjects,2022-04-27T17:57:38.000Z,2022-04-27T17:57:38.562Z,3.185,-1,-1,,SpeculumWithCondom,0,False,1700,1312,330,178
20220423_171232.jpg,cl2hvqmsa08pm0z8g02h5gra1,cl2hu2aac00ev0zx45jg458jm,SpeculumProjects,2022-04-27T17:57:57.000Z,2022-04-27T17:57:57.065Z,2.585,-1,-1,,SpeculumWithCondom,0,False,1744,1370,313,86
20220423_171238.jpg,cl2hvqwe409dr0z9i7wplag54,cl2hu2aac00ez0zx49txvcc58,SpeculumProjects,2022-04-27T17:58:14.000Z,2022-04-27T17:58:14.939Z,3.567,-1,-1,,SpeculumWithCondom,0,False,1769,1405,291,42
20220423_171243.jpg,cl2hvrant08rl0z8320xp6o36,cl2hu2aac00f30zx4bed2fnmw,SpeculumProjects,2022-04-27T17:58:53.000Z,2022-04-27T17:58:53.829Z,4.687,-1,-1,,SpeculumWithCondom,0,False,1786,1430,274,10
20220423_171249.jpg,cl2hvrohr0bkx0z65gmoyep1i,cl2hu2aac00f70zx4hrcw0l5y,SpeculumProjects,2022-04-27T17:59:18.000Z,2022-04-27T17:59:18.837Z,4.436,-1,-1,,SpeculumWithCondom,0,False,1806,1432,252,1
20220423_171651.jpg,cl2hvsiia090710a34p2m861g,cl2hu2aac00fb0zx47b6adan8,SpeculumProjects,2022-04-27T18:00:23.000Z,2022-04-27T18:00:23.652Z,2.286,-1,-1,,SpeculumWithCondom,0,False,1811,1117,128,300
20220423_171658.jpg,cl2hvt1sk06ql107hcoe47x1l,cl2hu2aac00ff0zx433ph4391,SpeculumProjects,2022-04-27T18:00:36.000Z,2022-04-27T18:00:36.224Z,0.196,-1,-1,,SpeculumWithCondom,0,False,1652,1252,396,50
20220423_171704.jpg,cl2hvufri09eh10a34jpd2d1y,cl2hu2aac00fj0zx4gv2dbyst,SpeculumProjects,2022-04-27T18:00:46.000Z,2022-04-27T18:00:46.734Z,3.478,-1,-1,,SpeculumWithCondom,0,False,1687,1272,362,12
20220423_171707.jpg,cl2hvuphf09hn0z83dpab6phz,cl2hu2aac00fn0zx43d7l87tb,SpeculumProjects,2022-04-27T18:00:55.000Z,2022-04-27T18:00:55.502Z,4.915,-1,-1,,SpeculumWithCondom,0,False,1711,1276,343,1
20220423_171712.jpg,cl2hvuxki0a9h0z9iele287wt,cl2hu2aac00fr0zx4g34jew9y,SpeculumProjects,2022-04-27T18:01:06.000Z,2022-04-27T18:01:06.136Z,3.217,-1,-1,,SpeculumWithCondom,0,False,1734,1270,313,1
20220423_171717.jpg,cl2hvv4no09kg0zar0hegcpnn,cl2hu2aac00fv0zx48tv27rit,SpeculumProjects,2022-04-27T18:01:14.000Z,2022-04-27T18:01:14.646Z,4.966,-1,-1,,SpeculumWithCondom,0,False,1756,1274,295,1
20220423_172107.jpg,cl2hvvck407bp107h6re6gque,cl2hu2aac00fz0zx44gogda0p,SpeculumProjects,2022-04-27T18:01:29.000Z,2022-04-27T18:01:29.891Z,4.036,-1,-1,,SpeculumWithCondom,0,False,1661,1187,348,314
20220423_172114.jpg,cl2hvvj4609x6108tezav04j7,cl2hu2aac00g30zx4hn8n8epw,SpeculumProjects,2022-04-27T18:01:44.000Z,2022-04-27T18:01:44.247Z,0.695,-1,-1,,SpeculumWithCondom,0,False,1656,1251,394,146
20220423_172118.jpg,cl2hvvv2f0ah90z9i1e4xg51o,cl2hu2aac00g70zx49qhvffxi,SpeculumProjects,2022-04-27T18:01:55.000Z,2022-04-27T18:01:55.282Z,1.219,-1,-1,,SpeculumWithCondom,0,False,1697,1293,356,64
20220423_172122.jpg,cl2hvw6880ait0z9iaysg7bkr,cl2hu2aac00gb0zx4gu0264ov,SpeculumProjects,2022-04-27T18:02:06.000Z,2022-04-27T18:02:06.787Z,0.656,-1,-1,,SpeculumWithCondom,0,False,1722,1302,333,39
20220423_172127.jpg,cl2hvwegv07ij107h4ny1gr45,cl2hu2aac00gf0zx4fmpo1alk,SpeculumProjects,2022-04-27T18:02:17.000Z,2022-04-27T18:02:17.902Z,4.958,-1,-1,,SpeculumWithCondom,0,False,1748,1310,309,21
20220423_172131.jpg,cl2hvwne20ck20z65cvt9gjyo,cl2hu2aac00gj0zx4b5ut9pfu,SpeculumProjects,2022-04-27T18:02:28.000Z,2022-04-27T18:02:28.165Z,2.581,-1,-1,,SpeculumWithCondom,0,False,1766,1315,288,9
20220423_172231.jpg,cl2hvwvxw0a0n0z838em48oft,cl2hu2aad00gn0zx4hhmwh9uq,SpeculumProjects,2022-04-27T18:02:56.000Z,2022-04-27T18:02:56.038Z,3.981,-1,-1,,SpeculumWithCondom,0,False,1633,1198,386,260
20220423_172235.jpg,cl2hvx3u007nd107h64biho7u,cl2hu2aad00gr0zx42alvabak,SpeculumProjects,2022-04-27T18:03:10.000Z,2022-04-27T18:03:10.310Z,2.766,-1,-1,,SpeculumWithCondom,0,False,1665,1274,392,100
20220423_172239.jpg,cl2hvxqgj0a450z8304rfe8au,cl2hu2aad00gv0zx4hq96esve,SpeculumProjects,2022-04-27T18:03:23.000Z,2022-04-27T18:03:23.422Z,0.052,-1,-1,,SpeculumWithCondom,0,False,1694,1296,364,58
20220423_172242.jpg,cl2hvy0dw0a1j0zard6uo47jm,cl2hu2aad00gz0zx41ri02tb2,SpeculumProjects,2022-04-27T18:03:33.000Z,2022-04-27T18:03:33.787Z,3.901,-1,-1,,SpeculumWithCondom,0,False,1724,1312,335,30
20220423_172246.jpg,cl2hvyahh0a7s0z83elgpcx57,cl2hu2aad00h30zx45i0od78y,SpeculumProjects,2022-04-27T18:03:42.000Z,2022-04-27T18:03:42.990Z,1.188,-1,-1,,SpeculumWithCondom,0,False,1747,1317,307,19
20220423_172250.jpg,cl2hvyiha0a490zar6b9r6szq,cl2hu2aad00h70zx46ieagdij,SpeculumProjects,2022-04-27T18:03:55.000Z,2022-04-27T18:03:55.102Z,10.001,-1,-1,,SpeculumWithCondom,0,False,1774,1323,272,4
